<?xml version="1.0" encoding="UTF-8"?>

<project xmlns="http://maven.apache.org/POM/4.0.0"
	xmlns:xsi="http://www.w3.org/2001/XMLSchema-instance"
	xsi:schemaLocation="http://maven.apache.org/POM/4.0.0 https://maven.apache.org/xsd/maven-4.0.0.xsd">
	<modelVersion>4.0.0</modelVersion>
	<parent>
		<groupId>org.springframework.boot</groupId>
		<artifactId>spring-boot-starter-parent</artifactId>
		<version>2.3.4.RELEASE</version>
		<relativePath />
		<!-- lookup parent from repository -->
	</parent>
	<groupId>com.adtcaps.tsop</groupId>
	<artifactId>tsop-backend-api</artifactId>
	<version>0.0.1-SNAPSHOT</version>
	<name>tsop-backend-api</name>
	<description>tsop-backend-api project for Spring Boot</description>

	<properties>
		<java.version>1.8</java.version>
		<skipTests>true</skipTests>
	</properties>

	<dependencies>
		<dependency>
			<groupId>org.mybatis.spring.boot</groupId>
			<artifactId>mybatis-spring-boot-starter</artifactId>
			<version>2.1.3</version>
		</dependency>
		<dependency>
			<groupId>org.springframework.boot</groupId>
			<artifactId>spring-boot-starter-web</artifactId>
		</dependency>
		<dependency>
			<groupId>org.springframework.boot</groupId>
			<artifactId>spring-boot-starter-security</artifactId>
		</dependency>
		<dependency>
			<groupId>org.springframework.boot</groupId>
			<artifactId>spring-boot-configuration-processor</artifactId>
		</dependency>
		<dependency>
			<groupId>org.springframework.boot</groupId>
			<artifactId>spring-boot-starter-aop</artifactId>
		</dependency>
		<dependency>
			<groupId>org.springframework.boot</groupId>
			<artifactId>spring-boot-starter-validation</artifactId>
		</dependency>
		<dependency>
			<groupId>org.projectlombok</groupId>
			<artifactId>lombok</artifactId>
			<optional>true</optional>
		</dependency>
		<dependency>
			<groupId>com.microsoft.sqlserver</groupId>
			<artifactId>mssql-jdbc</artifactId>
			<scope>runtime</scope>
		</dependency>
		<dependency>
			<groupId>org.springframework.boot</groupId>
			<artifactId>spring-boot-starter-test</artifactId>
			<scope>test</scope>
		</dependency>
		<!-- https://mvnrepository.com/artifact/org.bgee.log4jdbc-log4j2/log4jdbc-log4j2-jdbc4.1 -->
		<dependency>
			<groupId>org.bgee.log4jdbc-log4j2</groupId>
			<artifactId>log4jdbc-log4j2-jdbc4.1</artifactId>
			<version>1.16</version>
		</dependency>
		<!-- https://mvnrepository.com/artifact/com.google.code.gson/gson -->
		<dependency>
			<groupId>com.google.code.gson</groupId>
			<artifactId>gson</artifactId>
			<!-- <version>2.8.6</version> -->
		</dependency>
		<!-- https://mvnrepository.com/artifact/org.apache.commons/commons-lang3 -->
		<dependency>
			<groupId>org.apache.commons</groupId>
			<artifactId>commons-lang3</artifactId>
			<!-- <version>3.11</version> -->
		</dependency>
		<!-- excel -->
		<dependency>
			<groupId>org.apache.poi</groupId>
			<artifactId>poi</artifactId>
			<version>5.2.0</version>
		</dependency>
		<dependency>
			<groupId>org.apache.poi</groupId>
			<artifactId>poi-ooxml</artifactId>
			<version>5.2.0</version>
		</dependency>
		<!-- file upload -->
		<dependency>
			<groupId>commons-io</groupId>
			<artifactId>commons-io</artifactId>
			<version>2.8.0</version>
		</dependency>
		<dependency>
			<groupId>com.squareup.okio</groupId>
			<artifactId>okio</artifactId>
			<version>2.9.0</version>
		</dependency>
		<dependency>
			<groupId>com.squareup.okhttp</groupId>
			<artifactId>okhttp</artifactId>
			<version>2.7.5</version>
		</dependency>
		<dependency>
			<groupId>org.apache.tika</groupId>
			<artifactId>tika-parsers</artifactId>
			<version>1.24.1</version>
		</dependency>
		<dependency>
			<groupId>io.jsonwebtoken</groupId>
			<artifactId>jjwt</artifactId>
			<version>0.9.1</version>
		</dependency>
		<dependency>
			<groupId>org.apache.commons</groupId>
			<artifactId>commons-text</artifactId>
			<version>1.9</version>
		</dependency>
		<!-- Azure -->
		<dependency>
			<groupId>com.azure</groupId>
			<artifactId>azure-storage-file-datalake</artifactId>
			<version>12.3.0</version>
		</dependency>
		
		<!-- https://mvnrepository.com/artifact/commons-beanutils/commons-beanutils -->
		<dependency>
			<groupId>commons-beanutils</groupId>
			<artifactId>commons-beanutils</artifactId>
			<version>1.9.4</version>
		</dependency>
		<dependency>
			<groupId>io.springfox</groupId>
			<artifactId>springfox-boot-starter</artifactId>
			<version>3.0.0</version>
		</dependency>
		
		<!-- https://mvnrepository.com/artifact/commons-io/commons-io -->
		<dependency>
		    <groupId>commons-io</groupId>
		    <artifactId>commons-io</artifactId>
		    <version>2.11.0</version>
		</dependency>
	</dependencies>
	
	<build>
		<finalName>app</finalName>
		<plugins>
			<plugin> 
				<groupId>org.springframework.boot</groupId>  
				<artifactId>spring-boot-maven-plugin</artifactId> 
			</plugin>  
			<plugin> 
				<groupId>org.apache.maven.plugins</groupId>  
				<artifactId>maven-surefire-plugin</artifactId>  
				<!-- <version>2.22.2</version> -->
				<configuration>
					<skipTests>${skipTests}</skipTests>
				</configuration>
			</plugin>
			<plugin>
				<groupId>com.microsoft.azure</groupId>
				<artifactId>azure-webapp-maven-plugin</artifactId>
				<version>1.11.0</version>
				<configuration>
					<schemaVersion>V2</schemaVersion>
					<subscriptionId>12f396b4-8784-4446-a276-bba716185196</subscriptionId>
					<resourceGroup>skt-opr-kc-tsop-rg</resourceGroup>
					<appName>skt-opr-kc-backend-app</appName>
					<pricingTier>P1v2</pricingTier>
					<region>koreacentral</region>
					<appServicePlanName>skt-opr-kc-backend2-plan</appServicePlanName>
					<appServicePlanResourceGroup>skt-opr-kc-tsop-rg</appServicePlanResourceGroup>
					<runtime>
						<os>linux</os>
						<javaVersion>java11</javaVersion>
						<webContainer>java11</webContainer>
					</runtime>
					<deployment>
						<resources>
							<resource>
								<directory>${project.basedir}/target</directory>
								<includes>
									<include>*.jar</include>
								</includes>
							</resource>
						</resources>
					</deployment>
				</configuration>
			</plugin>
		</plugins>
	</build>
	
</project>
