<?xml version="1.0" encoding="UTF-8"?>
<!DOCTYPE xml>
<configuration>
    <property name="LOGS_ABSOLUTE_PATH" value="/home/LogFiles/Application"/>

    <appender name="STDOUT" class="ch.qos.logback.core.ConsoleAppender">
        <layout class="ch.qos.logback.classic.PatternLayout">
            <Pattern>
                %d{yyyy-MM-dd HH:mm:ss.SSS} [%-5level] [%thread] %logger{36}.%M : %msg%n
            </Pattern>
        </layout>
    </appender>

    <appender name="ROLLING" class="ch.qos.logback.core.rolling.RollingFileAppender">
        <file>${LOGS_ABSOLUTE_PATH}/application-${COMPUTERNAME}.log</file>
        <encoder>
            <pattern>%d{yyyy-MM-dd HH:mm:ss.SSS} [%-5level] [%thread] %logger{36}.%M : %msg%n</pattern>
        </encoder>
        <rollingPolicy class="ch.qos.logback.core.rolling.TimeBasedRollingPolicy">
            <fileNamePattern>
                ${LOGS_ABSOLUTE_PATH}/%d{yyyy/MM/dd, aux}/application-${COMPUTERNAME}.log.%d{yyyy-MM-dd}.%i.gz
            </fileNamePattern>
            <timeBasedFileNamingAndTriggeringPolicy class="ch.qos.logback.core.rolling.SizeAndTimeBasedFNATP">
                <maxFileSize>40MB</maxFileSize>
            </timeBasedFileNamingAndTriggeringPolicy>
            <maxHistory>30</maxHistory>
        </rollingPolicy>
    </appender>

    <springProfile name="local">
        <root level="INFO">
            <appender-ref ref="STDOUT" />
        </root>
        <logger name="com.adtcaps.tsop" level="DEBUG" />
    </springProfile>

    <springProfile name="dev">
        <root level="INFO">
            <appender-ref ref="STDOUT"/>
            <appender-ref ref="ROLLING"/>
        </root>
        <logger name="com.adtcaps.tsop" level="DEBUG" />
    </springProfile>

    <springProfile name="sta">
        <root level="INFO">
            <appender-ref ref="STDOUT"/>
            <appender-ref ref="ROLLING"/>
        </root>
        <logger name="com.adtcaps.tsop" level="DEBUG" />
    </springProfile>

    <springProfile name="opr">
        <root level="INFO">
            <appender-ref ref="STDOUT"/>
            <appender-ref ref="ROLLING"/>
        </root>
        <logger name="com.adtcaps.tsop" level="DEBUG" />
    </springProfile>

</configuration>