<?xml version="1.0" encoding="UTF-8"?>
<!DOCTYPE mapper PUBLIC "-//mybatis.org//DTD Mapper 3.0//EN" "http://mybatis.org/dtd/mybatis-3-mapper.dtd">

<mapper namespace="com.adtcaps.tsop.onm.api.helper.mapper.HelperMapper">

	<select id="readCurrentDate" resultType="java.lang.String">
		SELECT CONVERT(VARCHAR, GETDATE(), 112) AS CURR_DATE
	</select>
	
	<select id="readCurrentTime" resultType="java.lang.String">
		SELECT CONVERT(VARCHAR, GETDATE(), 108) AS CURR_TIME
	</select>
	
	<select id="readCalculateSomeDate" parameterType="com.adtcaps.tsop.onm.api.helper.domain.DateCalculateRequestDto" resultType="java.lang.String">
		SELECT CONVERT(VARCHAR, DATEADD(DAY, #{addDay}, CONVERT(DATE, #{someDate})), 112) AS CALCULATE_DATE
	</select>
	
	<select id="readCurrentDatetimeRoundupHour" resultType="java.lang.String">
		SELECT FORMAT(DATEADD(MINUTE, (DATEDIFF(MINUTE, 0, DATEADD(HOUR, 1, GETDATE())) / 60) * 60, 0),'yyyyMMddHHmmss') AS ROUNDUP_DATE_TIME
	</select>
	
	<select id="readBeforeWeekDate" resultType="java.lang.String">
		SELECT CONVERT(VARCHAR, DATEADD(WEEK,-1,GETDATE()), 112) AS BEFORE_WEEK_DATE
	</select>
	
	<select id="readBeforeMonthDate" resultType="java.lang.String">
		SELECT CONVERT(VARCHAR, DATEADD(MONTH,-1,GETDATE()), 112) AS BEFORE_MONTH_DATE
	</select>
	
	<select id="readBeforeYearDate" resultType="java.lang.String">
		SELECT CONVERT(VARCHAR, DATEADD(YEAR,-1,GETDATE()), 112) AS BEFORE_YEAR_DATE
	</select>
	
	<select id="readCurrentDatetime" resultType="java.lang.String">
		SELECT FORMAT(GETDATE(),'yyyyMMddHHmmss') AS CURR_DATETIME
	</select>
	
	<select id="readCurrentMilliSeconds" resultType="java.lang.String">
		SELECT FORMAT(GETDATE(),'yyyyMMddHHmmssfff') AS CURR_MILLISECONDS
	</select>
	
	<select id="readCurrentWeek" parameterType="java.lang.String" resultType="java.lang.Integer">
        DECLARE @Date DATETIME;
            SET @Date = #{currentYyyymmdd};
        SELECT  CEILING((DAY(@Date) + DATEPART(DW, LEFT(CONVERT(VARCHAR(10), @Date, 112), 6) + '01') - 1) / 7.0) AS currentWeekNum;
	</select>
	
	<select id="readMaxWeek" parameterType="java.lang.String" resultType="java.lang.Integer">
        DECLARE @Date DATETIME;
            SET @Date = DATEADD(d, -1, CONVERT(DATETIME, CONVERT(CHAR(6), DATEADD(m, 1, #{firstYyyymmdd}), 112) + '01'));
        SELECT  CEILING((DAY(@Date) + DATEPART(DW, LEFT(CONVERT(VARCHAR(10), @Date, 112), 6) + '01') - 1) / 7.0) AS maxWeekNum;
	</select>
	
	<select id="readWeekMinMaxDate" parameterType="java.lang.String" resultType="com.adtcaps.tsop.onm.api.helper.domain.WeekMinMaxDateDto">
        DECLARE @input VARCHAR(8);
            SET @input = #{inputYyyymmWeek};
        DECLARE @firstDay DATE;
            SET @firstDay=CONVERT(DATE, LEFT(@input, 4) + '-' + SUBSTRING(@input, 5, 2) + '-01');
        DECLARE @addWeek INT;
		    SET @addWeek = CONVERT(INT, RIGHT(@input, 2)) - 1;
        SELECT  FORMAT(DATEADD(DAY, @addWeek * 7, firstWeekDate), 'yyyyMMdd') AS startWeekDate
               ,FORMAT(DATEADD(DAY, @addWeek * 7 + 6, firstWeekDate), 'yyyyMMdd') AS endWeekDate
          FROM (
				SELECT  DATEADD(DAY, -(DATEPART(WEEKDAY, @firstDay)) + 1, @firstDay) AS firstWeekDate
               ) T;
	</select>

</mapper>