<?xml version="1.0" encoding="UTF-8"?>
<!DOCTYPE mapper PUBLIC "-//mybatis.org//DTD Mapper 3.0//EN" "http://mybatis.org/dtd/mybatis-3-mapper.dtd">

<mapper namespace="com.adtcaps.tsop.onm.api.authentication.mapper.JwtAuthenticationMapper">
	
		
	<select id="readAuthUserByPassword" parameterType="com.adtcaps.tsop.onm.api.authentication.domain.JwtRequest" resultType="com.adtcaps.tsop.onm.api.authentication.domain.JwtAuthResultDto">
          SELECT 
               user_id userId,
               PWDCOMPARE(#{password}, login_password) passwordYn,
               lock_yn lockYn 
          FROM OOM_USER WITH(NOLOCK)
          where user_id = #{userId} and use_yn='Y'
	</select>

     <select id="readAuthUserByUserid" parameterType="String" resultType="com.adtcaps.tsop.onm.api.authentication.domain.JwtAuthResultDto">
          SELECT 
               user_id userId,
               user_name userName, 
               convert(varchar(1000),login_password, 1) passwordYn,
               tenant_id tenantId,
               (SELECT tenant_name FROM OOM_TENANT WHERE tenant_id=OU.tenant_id ) tenantName,
               mgr_yn mgrYn,
               service_oper_yn serviceOperYn,
               (SELECT role_id FROM OOM_USER_ROLE_DETAIL WHERE user_id=OU.user_id )  roleClCd,
               contact_phone_num phoneNm
          FROM OOM_USER OU WITH(NOLOCK)
          where user_id = #{userId} and use_yn='Y'
	</select>

     <insert id="createAuthSms" parameterType="com.adtcaps.tsop.onm.api.authentication.domain.JwtAuthSmsDto">
          INSERT INTO OOM_USER_SMS_AUTH 
          (
               user_id,
               auth_regist_datetime,
               audit_datetime,
               audit_id,
               login_ip_addr,
               token_val,
               sms_auth_num,
               use_yn
          )
          VALUES 
          (    
               #{userId},
               GETDATE(),
               GETDATE(),
               #{userId},
               #{ip},
               #{token},
               #{authSms},
               'N'
          )
     </insert>

     <select id="readAuthSmsToken" parameterType="com.adtcaps.tsop.onm.api.authentication.domain.JwtAuthSmsDto" resultType="com.adtcaps.tsop.onm.api.authentication.domain.JwtAuthSmsDto">
          SELECT  TOP 1 
               user_id userId,
               login_ip_addr ip,
               token_val token,
               sms_auth_num authSms,
               case when auth_regist_datetime >  DATEADD(minute, -1 , getdate()) then 'Y' else 'N' end expirYn,
               (SELECT PWDCOMPARE(#{password}, login_password) passwordYn  FROM OOM_USER OU WITH(NOLOCK)  where user_id = #{userId} and use_yn='Y') passwordYn
          FROM OOM_USER_SMS_AUTH OU WITH(NOLOCK)
          WHERE user_id = #{userId} 
          AND auth_regist_datetime  >  DATEADD(minute, -10 , getdate())
          AND login_ip_addr=#{ip} 
          AND use_yn='N'       
           order by auth_regist_datetime desc      
	</select>

     <select id="checkAuthSmsCntByUserid" parameterType="com.adtcaps.tsop.onm.api.authentication.domain.JwtAuthSmsDto" resultType="int">
          SELECT  
              count(*) 
          FROM OOM_USER_SMS_AUTH OU WITH(NOLOCK)
          WHERE user_id = #{userId} 
          AND auth_regist_datetime  >  DATEADD(Hour, -1 , getdate())          
	</select>

     <select id="checkAuthSmsCntByIp" parameterType="com.adtcaps.tsop.onm.api.authentication.domain.JwtAuthSmsDto" resultType="int">
          SELECT  
              count(*) 
          FROM OOM_USER_SMS_AUTH OU WITH(NOLOCK)
          WHERE auth_regist_datetime  >  DATEADD(Hour, -1 , getdate())          
          AND login_ip_addr =#{ip}
	</select>

     <insert id="createAuthHist" parameterType="com.adtcaps.tsop.onm.api.authentication.domain.JwtAuthSmsDto">
          INSERT INTO OOM_USER_LOGIN_HIST 
          (
               user_id,
               login_datetime,
               audit_datetime,
               audit_id,
               login_ip_addr               
          )
          VALUES 
          (    
               #{userId},
               GETDATE(),
               GETDATE(),
               #{userId},
               #{ip}
          )
     </insert>

     <update id="updateAuthHist" parameterType="com.adtcaps.tsop.onm.api.authentication.domain.JwtAuthSmsDto">
          UPDATE OOM_USER set login_datetime=getdate()
          where user_id=#{userId}        
     </update>	

      <update id="updateAuthUseYn" parameterType="com.adtcaps.tsop.onm.api.authentication.domain.JwtAuthSmsDto">
          UPDATE OOM_USER_SMS_AUTH set use_yn='Y', audit_datetime=getdate() 
          where user_id=#{userId} 
          AND auth_regist_datetime  >  DATEADD(minute, -10 , getdate())
          AND sms_auth_num = #{authSms}
     </update>		
   
	
      <insert id="createInitSms" parameterType="com.adtcaps.tsop.onm.api.authentication.domain.JwtAuthSmsDto">
          INSERT INTO OOM_USER_SMS_AUTH 
          (
               user_id,
               auth_regist_datetime,
               audit_datetime,
               audit_id,
               login_ip_addr,
               token_val,
               sms_auth_num,
               use_yn
          )
          VALUES 
          (    
               #{userId},
               GETDATE(),
               GETDATE(),
               #{userId},
               #{ip},
               'InitPassword',
               #{authSms},
               'I'
          )
     </insert>

     <select id="readInitSmsToken" parameterType="com.adtcaps.tsop.onm.api.authentication.domain.JwtAuthSmsDto" resultType="com.adtcaps.tsop.onm.api.authentication.domain.JwtAuthSmsDto">
          SELECT  TOP 1 
               user_id userId,
               login_ip_addr ip,
               sms_auth_num authSms,
               case when auth_regist_datetime >  DATEADD(minute, -1 , getdate()) then 'Y' else 'N' end expirYn
          FROM OOM_USER_SMS_AUTH OU WITH(NOLOCK)
          WHERE user_id = #{userId} 
          AND auth_regist_datetime  >  DATEADD(minute, -10 , getdate())
          AND login_ip_addr=#{ip} 
          AND use_yn='I'       
           order by auth_regist_datetime desc      
	</select>

     <update id="updateLockUser"  parameterType="String">
	    UPDATE  OOM_USER
	       SET  audit_datetime = GETDATE()
	           ,audit_id = #{value}
                ,lock_yn='Y'
         WHERE  user_id = #{value}
	</update>

</mapper>