<?xml version="1.0" encoding="UTF-8"?>
<!DOCTYPE mapper PUBLIC "-//mybatis.org//DTD Mapper 3.0//EN" "http://mybatis.org/dtd/mybatis-3-mapper.dtd">

<mapper namespace="com.adtcaps.tsop.onm.api.service.mapper.OomServiceConnectionMapper">
	
	<select id="listServiceSysLinkageMethodForCombo" parameterType="com.adtcaps.tsop.onm.api.domain.OomServiceConnectionDto" resultType="com.adtcaps.tsop.onm.api.service.domain.ServiceSysLinkageMethodForComboResultDto">
		SELECT  A.service_sys_linkage_method_cd
               ,B.common_cd_val_name AS service_sys_linkage_method_name
               ,B.sort_seq
		  FROM (
		        SELECT  service_sys_linkage_method_cd
                  FROM  OOM_SERVICE_CONNECTION WITH(NOLOCK)
                 WHERE  service_cl_cd = #{serviceClCd}
                 GROUP
                    BY  service_sys_linkage_method_cd
		       ) A
		       INNER JOIN
		       (
		        SELECT  common_cd_val
                       ,common_cd_val_name
                       ,sort_seq
		          FROM  OOM_COMMON_CODE_DETAIL WITH(NOLOCK)
                 WHERE  common_cd = 'service_sys_linkage_method_cd'
                   AND  effect_start_datetime <![CDATA[ <= ]]> FORMAT(GETDATE(),'yyyyMMddHHmmss')
                   AND  effect_end_datetime <![CDATA[ >= ]]> FORMAT(GETDATE(),'yyyyMMddHHmmss')
		       ) B
		       ON (A.service_sys_linkage_method_cd = B.common_cd_val)
         ORDER
            BY  B.sort_seq ASC
	</select>
	
	<select id="listServiceSysNameForCombo" parameterType="com.adtcaps.tsop.onm.api.domain.OomServiceConnectionDto" resultType="com.adtcaps.tsop.onm.api.service.domain.ServiceSysNameForComboResultDto">
		SELECT  service_sys_name
		       ,CONCAT(service_sys_name, ' - ', linkage_standard_version_val) AS service_sys_version_name
          FROM  OOM_SERVICE_CONNECTION WITH(NOLOCK)
         WHERE  service_cl_cd = #{serviceClCd}
           AND  service_sys_linkage_method_cd = #{serviceSysLinkageMethodCd}
         ORDER
            BY  service_sys_name ASC
	</select>
	
	<select id="listLinkageStandardVersionForCombo" parameterType="com.adtcaps.tsop.onm.api.domain.OomServiceConnectionDto" resultType="com.adtcaps.tsop.onm.api.service.domain.LinkageStandardVersionForComboResultDto">
		SELECT  linkage_standard_version_val
          FROM  OOM_SERVICE_CONNECTION WITH(NOLOCK)
         WHERE  service_cl_cd = #{serviceClCd}
           AND  service_sys_linkage_method_cd = #{serviceSysLinkageMethodCd}
           AND  service_sys_name = #{serviceSysName}
         ORDER
            BY  linkage_standard_version_val ASC
	</select>
	
	<select id="listPageServiceConnection" parameterType="com.adtcaps.tsop.onm.api.service.domain.ServiceConnectionGridRequestDto" resultType="com.adtcaps.tsop.onm.api.service.domain.ServiceConnectionGridResultDto">
		<include refid="PagingMapper.pagingPreSQL"/>
		SELECT  A.service_cl_cd
               ,A.service_sys_name
               ,A.linkage_standard_version_val
               ,B.common_cd_val_name AS service_cl_name
               ,C.common_cd_val_name AS service_sys_linkage_method_name
               ,D.common_cd_val_name AS service_sys_rcv_form_name
               ,E.linkage_api_qty
               ,A.regist_datetime
               ,A.audit_datetime
		  FROM (
		        SELECT  service_cl_cd
                       ,service_sys_name
                       ,linkage_standard_version_val
                       ,audit_datetime
                       ,audit_id
                       ,service_sys_linkage_method_cd
                       ,service_sys_rcv_form_cd
                       ,linkage_api_qty
                       ,regist_datetime
                       ,register_id
                       ,attach_file_num
                  FROM  OOM_SERVICE_CONNECTION WITH(NOLOCK)
                 WHERE  1 = 1
                   <if test='!"".equals(serviceClCd)'>
                   AND  service_cl_cd = #{serviceClCd}
                   </if>
                   <if test='!"".equals(serviceSysLinkageMethodCd)'>
                   AND  service_sys_linkage_method_cd = #{serviceSysLinkageMethodCd}
                   </if>
                   <if test='!"".equals(serviceSysRcvFormCd)'>
                   AND  service_sys_rcv_form_cd = #{serviceSysRcvFormCd}
                   </if>
                   <if test='!"".equals(searchKeyword)'>
                   AND  UPPER(service_sys_name) LIKE CONCAT('%', UPPER(#{searchKeyword}), '%')
                   </if>
                   <if test='!"".equals(versionSearchKeyword)'>
                   AND  UPPER(linkage_standard_version_val) LIKE CONCAT('%', UPPER(#{versionSearchKeyword}), '%')
                   </if>
		       ) A
		       INNER JOIN
		       (
		        SELECT  common_cd_val
                       ,common_cd_val_name
		          FROM  OOM_COMMON_CODE_DETAIL WITH(NOLOCK)
                 WHERE  common_cd = 'service_cl_cd'
                   AND  effect_start_datetime <![CDATA[ <= ]]> FORMAT(GETDATE(),'yyyyMMddHHmmss')
                   AND  effect_end_datetime <![CDATA[ >= ]]> FORMAT(GETDATE(),'yyyyMMddHHmmss')
                   <if test='!"".equals(serviceClCd)'>
                   AND  common_cd_val = #{serviceClCd}
                   </if>
		       ) B
		       ON (A.service_cl_cd = B.common_cd_val)
		       INNER JOIN
		       (
		        SELECT  common_cd_val
                       ,common_cd_val_name
		          FROM  OOM_COMMON_CODE_DETAIL WITH(NOLOCK)
                 WHERE  common_cd = 'service_sys_linkage_method_cd'
                   AND  effect_start_datetime <![CDATA[ <= ]]> FORMAT(GETDATE(),'yyyyMMddHHmmss')
                   AND  effect_end_datetime <![CDATA[ >= ]]> FORMAT(GETDATE(),'yyyyMMddHHmmss')
                   <if test='!"".equals(serviceSysLinkageMethodCd)'>
                   AND  common_cd_val = #{serviceSysLinkageMethodCd}
                   </if>
		       ) C
		       ON (A.service_sys_linkage_method_cd = C.common_cd_val)
		       INNER JOIN
		       (
		        SELECT  common_cd_val
                       ,common_cd_val_name
		          FROM  OOM_COMMON_CODE_DETAIL WITH(NOLOCK)
                 WHERE  common_cd = 'service_sys_rcv_form_cd'
                   AND  effect_start_datetime <![CDATA[ <= ]]> FORMAT(GETDATE(),'yyyyMMddHHmmss')
                   AND  effect_end_datetime <![CDATA[ >= ]]> FORMAT(GETDATE(),'yyyyMMddHHmmss')
                   <if test='!"".equals(serviceSysRcvFormCd)'>
                   AND  common_cd_val = #{serviceSysRcvFormCd}
                   </if>
		       ) D
		       ON (A.service_sys_rcv_form_cd = D.common_cd_val)
		       LEFT OUTER JOIN
		       (
		        SELECT  service_cl_cd
                       ,service_sys_name
                       ,linkage_standard_version_val
                       ,COUNT(*) AS linkage_api_qty
		          FROM  OOM_SERVICE_CONNECTION_API_LIST WITH(NOLOCK)
                 WHERE  use_yn = 'Y'
                   <if test='!"".equals(serviceClCd)'>
                   AND  service_cl_cd = #{serviceClCd}
                   </if>
                   <if test='!"".equals(searchKeyword)'>
                   AND  UPPER(service_sys_name) LIKE CONCAT('%', UPPER(#{searchKeyword}), '%')
                   </if>
                   <if test='!"".equals(versionSearchKeyword)'>
                   AND  UPPER(linkage_standard_version_val) LIKE CONCAT('%', UPPER(#{versionSearchKeyword}), '%')
                   </if>
                 GROUP
                    BY  service_cl_cd
                       ,service_sys_name
                       ,linkage_standard_version_val
		       ) E
		       ON (A.service_cl_cd = E.service_cl_cd  AND  
		           A.service_sys_name = E.service_sys_name  AND  
		           A.linkage_standard_version_val = E.linkage_standard_version_val)
		<if test='"".equals(orderBy)'>
		<include refid="PagingMapper.pagingPostSQL">
		    <property name="orderBy" value="audit_datetime DESC"/>
		</include>
		</if>
		<if test='!"".equals(orderBy)'>
		<include refid="PagingMapper.pagingPostSQL">
		    <property name="orderBy" value="${orderBy}"/>
		</include>
		</if>
	</select>
	
	<insert id="createOomServiceConnection" parameterType="com.adtcaps.tsop.onm.api.domain.OomServiceConnectionDto">
		INSERT 
		  INTO  OOM_SERVICE_CONNECTION
		(
		  service_cl_cd
         ,service_sys_name
         ,linkage_standard_version_val
         ,audit_datetime
         ,audit_id
         ,service_sys_linkage_method_cd
         ,service_sys_rcv_form_cd
         ,linkage_api_qty
         ,regist_datetime
         ,register_id
         ,attach_file_num
		)
		VALUES
		(
		  #{serviceClCd}
         ,#{serviceSysName}
         ,#{linkageStandardVersionVal}
         ,GETDATE()
         ,#{auditId}
         ,#{serviceSysLinkageMethodCd}
         ,#{serviceSysRcvFormCd}
         ,#{linkageApiQty}
         ,FORMAT(GETDATE(), 'yyyyMMddHHmmss')
         ,#{registerId}
         ,#{attachFileNum}
		)
	</insert>
	
	<select id="readOomServiceConnection" parameterType="com.adtcaps.tsop.onm.api.domain.OomServiceConnectionDto" resultType="com.adtcaps.tsop.onm.api.service.domain.ServiceConnectionDetailResultDto">
		SELECT  A.service_cl_cd
               ,A.service_sys_name
               ,A.linkage_standard_version_val
               ,B.common_cd_val_name AS service_cl_name
               ,A.service_sys_linkage_method_cd
               ,A.service_sys_rcv_form_cd
               ,A.regist_datetime
               ,A.attach_file_num
               ,C.attach_file_name
		  FROM (
		        SELECT  service_cl_cd
                       ,service_sys_name
                       ,linkage_standard_version_val
                       ,audit_datetime
                       ,audit_id
                       ,service_sys_linkage_method_cd
                       ,service_sys_rcv_form_cd
                       ,linkage_api_qty
                       ,regist_datetime
                       ,register_id
                       ,attach_file_num
                  FROM  OOM_SERVICE_CONNECTION WITH(NOLOCK)
                 WHERE  service_cl_cd = #{serviceClCd}
                   AND  service_sys_name = #{serviceSysName}
                   AND  linkage_standard_version_val = #{linkageStandardVersionVal}
		       ) A
		       INNER JOIN
		       (
		        SELECT  common_cd_val
                       ,common_cd_val_name
		          FROM  OOM_COMMON_CODE_DETAIL WITH(NOLOCK)
                 WHERE  common_cd = 'service_cl_cd'
                   AND  effect_start_datetime <![CDATA[ <= ]]> FORMAT(GETDATE(),'yyyyMMddHHmmss')
                   AND  effect_end_datetime <![CDATA[ >= ]]> FORMAT(GETDATE(),'yyyyMMddHHmmss')
                   <if test='!"".equals(serviceClCd)'>
                   AND  common_cd_val = #{serviceClCd}
                   </if>
		       ) B
		       ON (A.service_cl_cd = B.common_cd_val)
		       LEFT OUTER JOIN
		       (
		        SELECT  attach_file_num
                       ,attach_file_name
		          FROM  OOM_ATTACH_FILE WITH(NOLOCK)
		       ) C
		       ON (A.attach_file_num = C.attach_file_num)
	</select>
	
	<select id="readOomServiceConnectionAttachFile" parameterType="com.adtcaps.tsop.onm.api.domain.OomServiceConnectionDto" resultType="com.adtcaps.tsop.onm.api.service.domain.ServiceConnectionDetailResultDto">
		SELECT  A.attach_file_num
		  FROM (
		        SELECT  service_cl_cd
                       ,service_sys_name
                       ,linkage_standard_version_val
                       ,attach_file_num
                  FROM  OOM_SERVICE_CONNECTION WITH(NOLOCK)
                 WHERE  service_cl_cd = #{serviceClCd}
                   AND  service_sys_name = #{serviceSysName}
                   AND  linkage_standard_version_val = #{linkageStandardVersionVal}
		       ) A
		       INNER JOIN
		       (
		        SELECT  attach_file_num
                       ,attach_file_name
		          FROM  OOM_ATTACH_FILE WITH(NOLOCK)
		       ) B
		       ON (A.attach_file_num = B.attach_file_num)
	</select>
	
	<update id="updateServiceConnectionAttachFileNum" parameterType="com.adtcaps.tsop.onm.api.domain.OomServiceConnectionDto">
	    UPDATE  OOM_SERVICE_CONNECTION
	       SET  attach_file_num = #{attachFileNum}
         WHERE  service_cl_cd = #{serviceClCd}
           AND  service_sys_name = #{serviceSysName}
           AND  linkage_standard_version_val = #{linkageStandardVersionVal}
	</update>
	
	<update id="updateOomServiceConnection" parameterType="com.adtcaps.tsop.onm.api.domain.OomServiceConnectionDto">
	    UPDATE  OOM_SERVICE_CONNECTION
	       SET  audit_datetime = GETDATE()
	           ,audit_id = #{auditId}
	           ,service_sys_linkage_method_cd = #{serviceSysLinkageMethodCd}
	           ,service_sys_rcv_form_cd = #{serviceSysRcvFormCd}
	           ,linkage_api_qty = #{linkageApiQty}
	           <if test='attachFileNum != null'>
               <if test='attachFileNum > 0'>
               ,attach_file_num = #{attachFileNum}
               </if>
               </if>
         WHERE  service_cl_cd = #{serviceClCd}
           AND  service_sys_name = #{serviceSysName}
           AND  linkage_standard_version_val = #{linkageStandardVersionVal}
	</update>
	
	<delete id="deleteOomServiceConnection" parameterType="com.adtcaps.tsop.onm.api.domain.OomServiceConnectionDto">
	    DELETE  
	      FROM  OOM_SERVICE_CONNECTION
         WHERE  service_cl_cd = #{serviceClCd}
           AND  service_sys_name = #{serviceSysName}
           AND  linkage_standard_version_val = #{linkageStandardVersionVal}
	</delete>
	
</mapper>