<?xml version="1.0" encoding="UTF-8"?>
<!DOCTYPE mapper PUBLIC "-//mybatis.org//DTD Mapper 3.0//EN" "http://mybatis.org/dtd/mybatis-3-mapper.dtd">

<mapper namespace="com.adtcaps.tsop.onm.api.send.mapper.OomAlarmNoticeSendMapper">
	
	<select id="listPageAlarmNoticeSend" parameterType="com.adtcaps.tsop.onm.api.send.domain.AlarmNoticeSendGridRequestDto" resultType="com.adtcaps.tsop.onm.api.send.domain.AlarmNoticeSendGridResultDto">
		<include refid="PagingMapper.pagingPreSQL"/>
		SELECT  A.noti_type_val
               ,A.bulletin_type_cd
               ,A.bulletin_num
               ,A.trans_seq
               ,A.tenant_id
               ,A.alarm_notice_group_id
               ,A.alarm_notice_trans_seq
               ,A.trans_datetime
               ,A.msg_content
               ,A.alarm_notice_method_cl_cd
               ,B.common_cd_val_name AS alarm_notice_method_cl_name
               ,A.alarm_notice_result_cd
               ,C.common_cd_val_name AS alarm_notice_result_name
		  FROM (
		        SELECT  'ALARM' AS noti_type_val
		               ,'' AS bulletin_type_cd
		               ,0 AS bulletin_num
		               ,0 AS trans_seq
		               ,tenant_id
		               ,alarm_notice_group_id
                       ,alarm_notice_trans_seq
                       ,msg_trans_start_datetime AS trans_datetime
                       ,msg_content
                       ,'1' AS alarm_notice_method_cl_cd
                       ,(CASE WHEN msg_trans_end_datetime IS NULL THEN '2' ELSE '1' END) AS alarm_notice_result_cd
                  FROM  OOM_ALARM_NOTICE_SEND WITH(NOLOCK)
                 WHERE  msg_trans_start_datetime BETWEEN #{fromDate} AND #{toDate}
                   <if test='"1".equals(alarmNoticeResultCd)'>
                   AND  msg_trans_end_datetime IS NOT NULL
                   </if>
                   <if test='"2".equals(alarmNoticeResultCd)'>
                   AND  msg_trans_end_datetime IS NULL
                   </if>
                   <if test='!"".equals(searchKeyword)'>
                   AND UPPER(msg_content) LIKE CONCAT('%', UPPER(#{searchKeyword}), '%')
                   </if>
                 UNION ALL
                SELECT  'BOARD' AS noti_type_val
                       ,AA.bulletin_type_cd AS bulletin_type_cd
                       ,AA.bulletin_num AS bulletin_num
                       ,AA.trans_seq AS trans_seq
                       ,'' AS tenant_id
                       ,0 AS alarm_notice_group_id
                       ,0 AS alarm_notice_trans_seq
                       ,AA.trans_datetime AS trans_datetime
                       ,CONCAT('[SUM!TS 공지사항 등록]', CHAR(13)+CHAR(10), '"', BB.bulletin_title_name, '" 공지가 등록되었습니다.') AS msg_content
                       ,AA.alarm_notice_method_cl_cd AS alarm_notice_method_cl_cd
                       ,AA.alarm_notice_result_cd AS alarm_notice_result_cd
                  FROM (
                        SELECT  bulletin_type_cd
                               ,bulletin_num
                               ,trans_seq
                               ,audit_datetime
                               ,audit_id
                               ,alarm_notice_method_cl_cd
                               ,alarm_notice_result_cd
                               ,trans_datetime
                          FROM  OOM_BULLETINBOARD_ALARM_NOTICE
                         WHERE  trans_datetime BETWEEN #{fromDate} AND #{toDate}
                           <if test='!"".equals(alarmNoticeResultCd)'>
                           AND  alarm_notice_result_cd = #{alarmNoticeResultCd}
                           </if>
                       ) AA
                       INNER JOIN
		               (
		                SELECT  bulletin_type_cd
                               ,bulletin_num
                               ,bulletin_title_name
		                  FROM  OOM_BULLETINBOARD WITH(NOLOCK)
                         WHERE  1 = 1
                           <if test='!"".equals(searchKeyword)'>
                           AND UPPER(bulletin_title_name) LIKE CONCAT('%', UPPER(#{searchKeyword}), '%')
                           </if>
		               ) BB
		               ON (AA.bulletin_type_cd = BB.bulletin_type_cd  AND  
		                   AA.bulletin_num = BB.bulletin_num)
		       ) A
		       INNER JOIN
		       (
		        SELECT  common_cd_val
                       ,common_cd_val_name
		          FROM  OOM_COMMON_CODE_DETAIL WITH(NOLOCK)
                 WHERE  common_cd = 'alarm_notice_method_cl_cd'
                   AND  effect_start_datetime <![CDATA[ <= ]]> FORMAT(GETDATE(),'yyyyMMddHHmmss')
                   AND  effect_end_datetime <![CDATA[ >= ]]> FORMAT(GETDATE(),'yyyyMMddHHmmss')
		       ) B
		       ON (A.alarm_notice_method_cl_cd = B.common_cd_val)
		       INNER JOIN
		       (
		        SELECT  common_cd_val
                       ,common_cd_val_name
		          FROM  OOM_COMMON_CODE_DETAIL WITH(NOLOCK)
                 WHERE  common_cd = 'alarm_notice_result_cd'
                   AND  effect_start_datetime <![CDATA[ <= ]]> FORMAT(GETDATE(),'yyyyMMddHHmmss')
                   AND  effect_end_datetime <![CDATA[ >= ]]> FORMAT(GETDATE(),'yyyyMMddHHmmss')
		       ) C
		       ON (A.alarm_notice_result_cd = C.common_cd_val)
		<if test='"".equals(orderBy)'>
		<include refid="PagingMapper.pagingPostSQL">
		    <property name="orderBy" value="trans_datetime DESC"/>
		</include>
		</if>
		<if test='!"".equals(orderBy)'>
		<include refid="PagingMapper.pagingPostSQL">
		    <property name="orderBy" value="${orderBy}"/>
		</include>
		</if>
	</select>
	
	<select id="readAlarmNoticeSend" parameterType="com.adtcaps.tsop.onm.api.domain.OomAlarmNoticeSendDto" resultType="com.adtcaps.tsop.onm.api.send.domain.AlarmNoticeSendDetailResultDto">
		SELECT  A.tenant_id
               ,A.alarm_notice_trans_seq
               ,A.msg_trans_start_datetime AS trans_datetime
               ,A.alarm_notice_group_id
               ,A.msg_content
               ,A.alarm_notice_result_cd
               ,B.common_cd_val_name AS alarm_notice_result_name
               ,'1' AS alarm_notice_method_cl_cd
		  FROM (
		        SELECT  tenant_id
                       ,alarm_notice_trans_seq
                       ,msg_trans_start_datetime
                       ,alarm_notice_group_id
                       ,msg_title_name
                       ,msg_content
                       ,(CASE WHEN msg_trans_end_datetime IS NULL THEN '2' ELSE '1' END) AS alarm_notice_result_cd
                  FROM  OOM_ALARM_NOTICE_SEND WITH(NOLOCK)
                 WHERE  alarm_notice_group_id = #{alarmNoticeGroupId}
                   AND  alarm_notice_trans_seq = #{alarmNoticeTransSeq}
                   AND  msg_trans_start_datetime = #{msgTransStartDatetime}
		       ) A
		       INNER JOIN
		       (
		        SELECT  common_cd_val
                       ,common_cd_val_name
		          FROM  OOM_COMMON_CODE_DETAIL WITH(NOLOCK)
                 WHERE  common_cd = 'alarm_notice_result_cd'
                   AND  effect_start_datetime <![CDATA[ <= ]]> FORMAT(GETDATE(),'yyyyMMddHHmmss')
                   AND  effect_end_datetime <![CDATA[ >= ]]> FORMAT(GETDATE(),'yyyyMMddHHmmss')
		       ) B
		       ON (A.alarm_notice_result_cd = B.common_cd_val)
	</select>
	
	<insert id="createOomAlarmNoticeSend" parameterType="com.adtcaps.tsop.onm.api.domain.OomAlarmNoticeSendDto">
		INSERT 
		  INTO  OOM_ALARM_NOTICE_SEND
		(
		  alarm_notice_group_id
         ,alarm_notice_trans_seq
         ,msg_trans_start_datetime
         ,audit_datetime
         ,audit_id
         ,tenant_id
         ,msg_title_name
         ,msg_content
         ,msg_trans_end_datetime
		)
		VALUES
		(
		  #{alarmNoticeGroupId}
         ,NEXT VALUE FOR OOM_ALARM_NOTICE_SEND_S1
         ,FORMAT(GETDATE(),'yyyyMMddHHmmss')
         ,GETDATE()
         ,#{auditId}
         ,#{tenantId}
         ,#{msgTitleName}
         ,#{msgContent}
         <if test='"1".equals(msgTitleName)'>
         ,FORMAT(GETDATE(),'yyyyMMddHHmmss')
         </if>
         <if test='!"1".equals(msgTitleName)'>
         ,null
         </if>
		)
	</insert>
	
</mapper>