<?xml version="1.0" encoding="UTF-8"?>
<!DOCTYPE mapper PUBLIC "-//mybatis.org//DTD Mapper 3.0//EN" "http://mybatis.org/dtd/mybatis-3-mapper.dtd">

<mapper namespace="com.adtcaps.tsop.onm.api.send.mapper.OomSmsHistMapper">
	
	<insert id="createOomSmsHist" parameterType="com.adtcaps.tsop.onm.api.domain.OomSmsHistDto">
		<selectKey resultType="java.lang.Integer" keyProperty="smsTransSeq" order="BEFORE">
        SELECT  NEXT VALUE FOR OOM_SMS_HIST_S1 AS smsTransSeq
		</selectKey>
		INSERT 
		  INTO  OOM_SMS_HIST
		(
		  sms_trans_seq
         ,sms_create_cd
         ,alarm_notice_group_id
         ,bulletin_type_cd
         ,bulletin_num
         ,audit_datetime
         ,audit_id
         ,msg_content
         ,msg_title_name
         ,trans_datetime
         ,alarm_notice_result_cd
         ,tenant_id
         ,tmplt_code
		)
		VALUES
		(
		  #{smsTransSeq}
         ,#{smsCreateCd}
         ,#{alarmNoticeGroupId}
         ,#{bulletinTypeCd}
         ,#{bulletinNum}
         ,GETDATE()
         ,#{auditId}
         ,#{msgContent}
         ,#{msgTitleName}
         ,FORMAT(GETDATE(),'yyyyMMddHHmmss')
         ,#{alarmNoticeResultCd}
         ,#{tenantId}
         ,#{tmpltCode}
		)
	</insert>
	
	<select id="listPageSmsHist" parameterType="com.adtcaps.tsop.onm.api.send.domain.SmsHistGridRequestDto" resultType="com.adtcaps.tsop.onm.api.send.domain.SmsHistGridResultDto">
		<include refid="PagingMapper.pagingPreSQL"/>
		SELECT  A.sms_trans_seq
               ,A.sms_create_cd
               ,B.common_cd_val_name AS sms_create_name
               ,A.msg_content
               ,A.trans_datetime
               ,A.alarm_notice_result_cd
               ,C.common_cd_val_name AS alarm_notice_result_name
		  FROM (
		        SELECT  sms_trans_seq
                       ,sms_create_cd
                       ,alarm_notice_group_id
                       ,bulletin_type_cd
                       ,bulletin_num
                       ,audit_datetime
                       ,audit_id
                       ,msg_content
                       ,msg_title_name
                       ,trans_datetime
                       ,alarm_notice_result_cd
                  FROM  OOM_SMS_HIST WITH(NOLOCK)
                 WHERE  trans_datetime BETWEEN #{fromDate} AND #{toDate}
                   <if test='!"".equals(alarmNoticeResultCd)'>
                   AND  alarm_notice_result_cd = #{alarmNoticeResultCd}
                   </if>
                   <if test='!"".equals(searchKeyword)'>
                   AND UPPER(msg_content) LIKE CONCAT('%', UPPER(#{searchKeyword}), '%')
                   </if>
		       ) A
		       INNER JOIN
		       (
		        SELECT  common_cd_val
                       ,common_cd_val_name
		          FROM  OOM_COMMON_CODE_DETAIL WITH(NOLOCK)
                 WHERE  common_cd = 'sms_create_cd'
                   AND  effect_start_datetime <![CDATA[ <= ]]> FORMAT(GETDATE(),'yyyyMMddHHmmss')
                   AND  effect_end_datetime <![CDATA[ >= ]]> FORMAT(GETDATE(),'yyyyMMddHHmmss')
		       ) B
		       ON (A.sms_create_cd = B.common_cd_val)
		       INNER JOIN
		       (
		        SELECT  common_cd_val
                       ,common_cd_val_name
		          FROM  OOM_COMMON_CODE_DETAIL WITH(NOLOCK)
                 WHERE  common_cd = 'alarm_notice_result_cd'
                   AND  effect_start_datetime <![CDATA[ <= ]]> FORMAT(GETDATE(),'yyyyMMddHHmmss')
                   AND  effect_end_datetime <![CDATA[ >= ]]> FORMAT(GETDATE(),'yyyyMMddHHmmss')
		       ) C
		       ON (A.alarm_notice_result_cd = C.common_cd_val)
		<if test='"".equals(orderBy)'>
		<include refid="PagingMapper.pagingPostSQL">
		    <property name="orderBy" value="sms_trans_seq DESC"/>
		</include>
		</if>
		<if test='!"".equals(orderBy)'>
		<include refid="PagingMapper.pagingPostSQL">
		    <property name="orderBy" value="${orderBy}"/>
		</include>
		</if>
	</select>
	
	<select id="readOomSmsHist" parameterType="com.adtcaps.tsop.onm.api.domain.OomSmsHistDto" resultType="com.adtcaps.tsop.onm.api.send.domain.SmsHistDetailResultDto">
		SELECT  A.sms_trans_seq
               ,A.sms_create_cd
               ,B.common_cd_val_name AS sms_create_name
               ,A.msg_content
               ,A.trans_datetime
               ,A.alarm_notice_result_cd
               ,C.common_cd_val_name AS alarm_notice_result_name
               ,A.alarm_notice_group_id
               ,A.bulletin_type_cd
               ,A.bulletin_num
               ,A.tenant_id
               ,A.tmplt_code
		  FROM (
		        SELECT  sms_trans_seq
                       ,sms_create_cd
                       ,alarm_notice_group_id
                       ,bulletin_type_cd
                       ,bulletin_num
                       ,audit_datetime
                       ,audit_id
                       ,msg_content
                       ,msg_title_name
                       ,trans_datetime
                       ,alarm_notice_result_cd
                       ,tenant_id
                       ,tmplt_code
                  FROM  OOM_SMS_HIST WITH(NOLOCK)
                 WHERE  sms_trans_seq = #{smsTransSeq}
		       ) A
		       INNER JOIN
		       (
		        SELECT  common_cd_val
                       ,common_cd_val_name
		          FROM  OOM_COMMON_CODE_DETAIL WITH(NOLOCK)
                 WHERE  common_cd = 'sms_create_cd'
                   AND  effect_start_datetime <![CDATA[ <= ]]> FORMAT(GETDATE(),'yyyyMMddHHmmss')
                   AND  effect_end_datetime <![CDATA[ >= ]]> FORMAT(GETDATE(),'yyyyMMddHHmmss')
		       ) B
		       ON (A.sms_create_cd = B.common_cd_val)
		       INNER JOIN
		       (
		        SELECT  common_cd_val
                       ,common_cd_val_name
		          FROM  OOM_COMMON_CODE_DETAIL WITH(NOLOCK)
                 WHERE  common_cd = 'alarm_notice_result_cd'
                   AND  effect_start_datetime <![CDATA[ <= ]]> FORMAT(GETDATE(),'yyyyMMddHHmmss')
                   AND  effect_end_datetime <![CDATA[ >= ]]> FORMAT(GETDATE(),'yyyyMMddHHmmss')
		       ) C
		       ON (A.alarm_notice_result_cd = C.common_cd_val)
	</select>
	
</mapper>