<?xml version="1.0" encoding="UTF-8"?>
<!DOCTYPE mapper PUBLIC "-//mybatis.org//DTD Mapper 3.0//EN" "http://mybatis.org/dtd/mybatis-3-mapper.dtd">

<mapper namespace="com.adtcaps.tsop.onm.api.send.mapper.OomSmsHistDetailMapper">

	<insert id="createOomSmsHistDetail" parameterType="com.adtcaps.tsop.onm.api.domain.OomSmsHistDetailDto">
		INSERT
		  INTO  OOM_SMS_HIST_DETAIL
		(
		  sms_trans_seq
         ,rcver_id
         ,rcver_name
         ,rcv_phone_num
         ,audit_datetime
         ,audit_id
         ,tenant_id
         ,trans_datetime
         ,sms_trans_detail_seq
         ,msg_idx
		)
		VALUES
		(
		  #{smsTransSeq}
		 ,#{rcverId}
         ,#{rcverName}
         ,#{rcvPhoneNum}
         ,GETDATE()
         ,#{auditId}
         ,#{tenantId}
         ,FORMAT(GETDATE(),'yyyyMMddHHmmss')
         ,NEXT VALUE FOR OOM_SMS_HIST_DETAIL_S1
         ,#{msgIdx}
		)
	</insert>

	<select id="listSmsHistDetail" parameterType="com.adtcaps.tsop.onm.api.domain.OomSmsHistDetailDto" resultType="com.adtcaps.tsop.onm.api.send.domain.NoticeSendReceiverDto">
		SELECT  A.rcver_id
               ,A.rcver_name
               ,A.rcv_phone_num
               ,A.tenant_id
               ,A.sms_trans_detail_seq
               ,A.result_code
               ,A.sender
		  FROM (
		        SELECT  sms_trans_seq
                       ,rcver_id
                       ,rcver_name
                       ,rcv_phone_num
                       ,audit_datetime
                       ,audit_id
                       ,tenant_id
                       ,trans_datetime
                       ,sms_trans_detail_seq
                       ,result_code
                       ,sender
                  FROM  OOM_SMS_HIST_DETAIL WITH(NOLOCK)
                 WHERE  sms_trans_seq = #{smsTransSeq}
		       ) A
		 ORDER
            BY  A.sms_trans_detail_seq ASC
	</select>

	<update id="updateSmsHistDetail" parameterType="com.adtcaps.tsop.onm.api.domain.OomSmsHistDetailDto">
		UPDATE OOM_SMS_HIST_DETAIL
		   SET result_code = #{resultCode}
		       <if test='sender != null and !sender.equals("")'>
		       ,sender = #{sender}
		       </if>
		 WHERE msg_idx = #{msgIdx}
	</update>

</mapper>