<?xml version="1.0" encoding="UTF-8"?>
<!DOCTYPE mapper PUBLIC "-//mybatis.org//DTD Mapper 3.0//EN" "http://mybatis.org/dtd/mybatis-3-mapper.dtd">

<mapper namespace="com.adtcaps.tsop.onm.api.tenant.mapper.OomTenantResourceDetailMapper">
	
	<select id="listTenantResourceForThresholdCombo" parameterType="com.adtcaps.tsop.onm.api.domain.OomTenantResourceDetailDto" resultType="com.adtcaps.tsop.onm.api.tenant.domain.TenantResourceForComboResultDto">
		SELECT  onm_resource_id
               ,onm_resource_name
          FROM  OOM_TENANT_RESOURCE_DETAIL WITH(NOLOCK)
         WHERE  tenant_id = #{tenantId}
           AND  onm_resource_category_cd = #{onmResourceCategoryCd}
         ORDER
            BY  onm_resource_name ASC
	</select>
	
	<select id="listTenantResourceDetail" parameterType="com.adtcaps.tsop.onm.api.domain.OomTenantResourceDetailDto" resultType="com.adtcaps.tsop.onm.api.tenant.domain.TenantResourceDetailGridResultDto">
		SELECT  B.resource_group_name
               ,C.onm_resource_category_cd_name
               ,A.onm_resource_name
               ,B.onm_resource_region_name
		  FROM (
		        SELECT  tenant_id
                       ,onm_resource_name
                       ,onm_resource_category_cd
                  FROM  OOM_TENANT_RESOURCE_DETAIL WITH(NOLOCK)
                 WHERE  tenant_id = #{tenantId}
                   AND  azure_resource_id > '' AND azure_resource_id IS NOT NULL
		       ) A
		       INNER JOIN
		       (
		        SELECT  tenant_id
                       ,resource_group_name
                       ,onm_resource_region_name
		          FROM  OOM_TENANT_RESOURCE WITH(NOLOCK)
                 WHERE  tenant_id = #{tenantId}
		       ) B
		       ON (A.tenant_id = B.tenant_id)
		       INNER JOIN
		       (
		        SELECT  onm_resource_category_cd
                       ,onm_resource_category_cd_name
		          FROM  OOM_ONM_RESOURCE WITH(NOLOCK)
		       ) C
		       ON (A.onm_resource_category_cd = C.onm_resource_category_cd)
	</select>
	
	<select id="listTenantResourceDetailForWork" parameterType="com.adtcaps.tsop.onm.api.domain.OomTenantResourceDetailDto" resultType="com.adtcaps.tsop.onm.api.domain.OomTenantResourceDetailDto">
		SELECT  tenant_id
               ,onm_resource_id
               ,onm_resource_name
               ,onm_resource_alias_name
               ,onm_resource_abbr_name
               ,onm_resource_category_cd
               ,super_onm_resource_id
               ,super_onm_resource_name
               ,azure_resource_id
               ,topology_category_cd
		  FROM  OOM_TENANT_RESOURCE_DETAIL WITH(NOLOCK)
		 WHERE  tenant_id = #{tenantId}
	</select>
	
	
	
	
	<!--  =================================== DashBoard =================================== -->
	
	<select id="getCountTenantResourceDetail" parameterType="com.adtcaps.tsop.onm.api.dashboard.domain.DashboardTrafficResultDto" resultType="java.lang.Integer">
		SELECT 
		     COUNT(*)
		  FROM OOM_TENANT_RESOURCE_DETAIL 
		 WHERE 1 = 1
		   AND tenant_id = #{tenantId} 
		   <if test='!"".equals(onmResourceCategoryCd)'>
		   AND onm_resource_category_cd = #{onmResourceCategoryCd}
		   </if>
		   AND azure_resource_id IS NOT NULL 
		   AND azure_resource_id > ' '
	</select>
	
</mapper>