<?xml version="1.0" encoding="UTF-8"?>
<!DOCTYPE mapper PUBLIC "-//mybatis.org//DTD Mapper 3.0//EN" "http://mybatis.org/dtd/mybatis-3-mapper.dtd">

<mapper namespace="com.adtcaps.tsop.onm.api.tenant.mapper.OomTenantMapper">
	
	<select id="listTenantForCombo" resultType="com.adtcaps.tsop.onm.api.tenant.domain.TenantForComboResultDto">
		SELECT  tenant_id
               ,tenant_name
          FROM  OOM_TENANT WITH(NOLOCK)
         WHERE  delete_yn = 'N'
         ORDER
            BY  tenant_id ASC
	</select>
	
	<select id="listTenantForWorkForCombo" resultType="com.adtcaps.tsop.onm.api.tenant.domain.TenantForComboResultDto">
		SELECT  A.tenant_id
		       ,A.tenant_name
		  FROM (
		        SELECT  tenant_id
		               ,tenant_name
		          FROM  OOM_TENANT WITH(NOLOCK)
                 WHERE  delete_yn = 'N'
                UNION ALL
                SELECT  tenant_id
		               ,tenant_name
		          FROM  OOM_WORK_TENANT WITH(NOLOCK)
		       ) A
		 GROUP
		    BY  A.tenant_id
		       ,A.tenant_name
		 ORDER
            BY  A.tenant_id ASC
	</select>
	
	<select id="listTenantForShortGrid" parameterType="com.adtcaps.tsop.onm.api.helper.domain.BasePageDto" resultType="com.adtcaps.tsop.onm.api.tenant.domain.TenantForShortGridResultDto">
		SELECT  A.tenant_id
               ,A.tenant_name
          FROM (
                SELECT  tenant_id
                       ,tenant_name
                  FROM  OOM_TENANT WITH(NOLOCK)
                 WHERE  delete_yn = 'N'
                   <if test='!"".equals(searchKeyword)'>
                   AND  UPPER(tenant_name) LIKE CONCAT('%', UPPER(#{searchKeyword}), '%')
                   </if>
               ) A
		 ORDER
		    BY  A.tenant_id ASC
	</select>
	
	<select id="listPageTenant" parameterType="com.adtcaps.tsop.onm.api.helper.domain.BasePageDto" resultType="com.adtcaps.tsop.onm.api.tenant.domain.TenantGridResultDto">
		<include refid="PagingMapper.pagingPreSQL"/>
		SELECT  A.tenant_id
               ,A.tenant_name
               ,B.user_id
               ,B.user_name
               ,B.email_addr
               ,C.bld_count
               ,D.resource_count
               ,A.delete_yn
               ,A.regist_date
		  FROM (
		        SELECT  tenant_id
                       ,audit_datetime
                       ,audit_id
                       ,tenant_name
                       ,tenant_type_cd
                       ,regist_date
                       ,register_id
                       ,service_start_date
                       ,service_end_date
                       ,delete_yn
                       ,lotnum_addr
                       ,streetname_addr
                       ,represent_name
                  FROM  OOM_TENANT WITH(NOLOCK)
                 WHERE  delete_yn = 'N'
                   <if test='!"".equals(searchKeyword)'>
                   AND UPPER(tenant_name) LIKE CONCAT('%', UPPER(#{searchKeyword}), '%')
                   </if>
		       ) A
		       LEFT OUTER JOIN
		       (
		        SELECT  user_id
                       ,user_name
                       ,email_addr
                       ,tenant_id
		          FROM  OOM_USER WITH(NOLOCK)
		         WHERE  service_oper_yn = 'Y'
		           AND  use_yn = 'Y'
		       ) B
		       ON (A.tenant_id = B.tenant_id)
		       LEFT OUTER JOIN
		       (
		        SELECT  tenant_id
                       ,COUNT(bld_id) AS bld_count
		          FROM  OOM_BUILDING WITH(NOLOCK)
		         WHERE  use_yn = 'Y'
		         GROUP
		            BY  tenant_id
		       ) C
		       ON (A.tenant_id = C.tenant_id)
		       LEFT OUTER JOIN
		       (
		        SELECT  tenant_id
                       ,COUNT(onm_resource_id) AS resource_count
		          FROM  OOM_TENANT_RESOURCE_DETAIL WITH(NOLOCK)
		         WHERE 1 = 1
		   		   AND azure_resource_id > '' AND azure_resource_id IS NOT NULL
		         GROUP
		            BY  tenant_id
		       ) D
		       ON (A.tenant_id = D.tenant_id)
		<if test='"".equals(orderBy)'>
		<include refid="PagingMapper.pagingPostSQL">
		    <property name="orderBy" value="tenant_id ASC"/>
		</include>
		</if>
		<if test='!"".equals(orderBy)'>
		<include refid="PagingMapper.pagingPostSQL">
		    <property name="orderBy" value="${orderBy}"/>
		</include>
		</if>
	</select>
	
	<select id="readOomTenant" parameterType="com.adtcaps.tsop.onm.api.domain.OomTenantDto" resultType="com.adtcaps.tsop.onm.api.tenant.domain.TenantDetailResultDto">
		SELECT  A.tenant_id
               ,A.tenant_name
               ,A.delete_yn
               ,B.user_id
               ,B.user_name
               ,B.email_addr
		  FROM (
		        SELECT  tenant_id
                       ,tenant_name
                       ,delete_yn
                  FROM  OOM_TENANT WITH(NOLOCK)
                 WHERE  tenant_id = #{tenantId}
		       ) A
		       LEFT OUTER JOIN
		       (
		        SELECT  user_id
                       ,user_name
                       ,email_addr
                       ,tenant_id
		          FROM  OOM_USER WITH(NOLOCK)
		         WHERE  service_oper_yn = 'Y'
		           AND  use_yn = 'Y'
		       ) B
		       ON (A.tenant_id = B.tenant_id)
	</select>
	
	<select id="readOomTenantForWork" parameterType="com.adtcaps.tsop.onm.api.domain.OomTenantDto" resultType="com.adtcaps.tsop.onm.api.domain.OomTenantDto">
		SELECT  tenant_id
               ,tenant_name
               ,tenant_type_cd
               ,regist_date
               ,register_id
               ,service_start_date
               ,service_end_date
               ,delete_yn
               ,lotnum_addr
               ,streetname_addr
               ,represent_name
          FROM  OOM_TENANT WITH(NOLOCK)
         WHERE  tenant_id = #{tenantId}
	</select>
	
</mapper>