<?xml version="1.0" encoding="UTF-8"?>
<!DOCTYPE mapper PUBLIC "-//mybatis.org//DTD Mapper 3.0//EN" "http://mybatis.org/dtd/mybatis-3-mapper.dtd">

<mapper namespace="com.adtcaps.tsop.onm.api.deploy.mapper.OomPackageDeployJobMapper">
	
	<update id="mergeOomPackageDeployJob" parameterType="com.adtcaps.tsop.onm.api.domain.OomPackageDeployJobDto">
		MERGE INTO
              OOM_PACKAGE_DEPLOY_JOB AS tgt
        USING
        (   
         SELECT  #{tenantId} AS tenant_id
                ,GETDATE() AS audit_datetime
                ,#{auditId} AS audit_id
                ,#{pkgTypeCd} AS pkg_type_cd
                ,#{pkgName} AS pkg_name
                ,#{pkgVersionVal} AS pkg_version_val
                ,#{pkgDesc} AS pkg_desc
                ,#{pkgReleaseTypeCd} AS pkg_release_type_cd
                ,FORMAT(GETDATE(), 'yyyyMMddHHmmss') AS work_start_datetime
                ,#{verifyProcedureAttachFileNum} AS verify_procedure_attach_file_num
                ,#{workProcedureAttachFileNum} AS work_procedure_attach_file_num
                ,#{inspectionProcedureAttachFileNum} AS inspection_procedure_attach_file_num
                ,#{workScheduleDatetime} AS work_schedule_datetime
                ,#{dbWorkYn} AS db_work_yn
                ,#{dbScriptAttachFileNum} AS db_script_attach_file_num
                ,#{ddlExecYn} AS ddl_exec_yn
                ,#{bprintPoiReleaseYn} AS bprint_poi_release_yn
                ,#{workExecResultCd} AS work_exec_result_cd
                ,#{inspectionResultAttachFileNum} AS inspection_result_attach_file_num
                ,#{reexecDatetime} AS reexec_datetime
                ,#{onmWorkId} AS onm_work_id
                ,#{commonDataReleaseResultVal} AS common_data_release_result_val
        ) AS src
        ON (tgt.tenant_id = src.tenant_id  AND  
            tgt.onm_work_id = src.onm_work_id)
        WHEN MATCHED THEN
         UPDATE
            SET  tgt.audit_datetime = src.audit_datetime
                ,tgt.audit_id = src.audit_id
                ,tgt.pkg_type_cd = src.pkg_type_cd
                ,tgt.pkg_name = src.pkg_name
                ,tgt.pkg_version_val = src.pkg_version_val
                ,tgt.pkg_desc = src.pkg_desc
                ,tgt.pkg_release_type_cd = src.pkg_release_type_cd
                <if test='verifyProcedureAttachFileNum != null'>
                <if test='verifyProcedureAttachFileNum > 0'>
                ,tgt.verify_procedure_attach_file_num = src.verify_procedure_attach_file_num
                </if>
                </if>
                <if test='workProcedureAttachFileNum != null'>
                <if test='workProcedureAttachFileNum > 0'>
                ,tgt.work_procedure_attach_file_num = src.work_procedure_attach_file_num
                </if>
                </if>
                <if test='inspectionProcedureAttachFileNum != null'>
                <if test='inspectionProcedureAttachFileNum > 0'>
                ,tgt.inspection_procedure_attach_file_num = src.inspection_procedure_attach_file_num
                </if>
                </if>
                ,tgt.work_schedule_datetime = src.work_schedule_datetime
                ,tgt.db_work_yn = src.db_work_yn
                <if test='dbScriptAttachFileNum != null'>
                <if test='dbScriptAttachFileNum > 0'>
                ,tgt.db_script_attach_file_num = src.db_script_attach_file_num
                </if>
                </if>
                ,tgt.ddl_exec_yn = src.ddl_exec_yn
                ,tgt.bprint_poi_release_yn = src.bprint_poi_release_yn
                ,tgt.work_exec_result_cd = src.work_exec_result_cd
                <if test='inspectionResultAttachFileNum != null'>
                <if test='inspectionResultAttachFileNum > 0'>
                ,tgt.inspection_result_attach_file_num = src.inspection_result_attach_file_num
                </if>
                </if>
                ,tgt.reexec_datetime = src.reexec_datetime
                ,tgt.onm_work_id = src.onm_work_id
                ,tgt.common_data_release_result_val = src.common_data_release_result_val
        WHEN NOT MATCHED THEN
         INSERT
         (
          tenant_id
         ,audit_datetime
         ,audit_id
         ,pkg_type_cd
         ,pkg_name
         ,pkg_version_val
         ,pkg_desc
         ,pkg_release_type_cd
         ,work_start_datetime
         ,verify_procedure_attach_file_num
         ,work_procedure_attach_file_num
         ,inspection_procedure_attach_file_num
         ,work_schedule_datetime
         ,db_work_yn
         ,db_script_attach_file_num
         ,ddl_exec_yn
         ,bprint_poi_release_yn
         ,work_exec_result_cd
         ,inspection_result_attach_file_num
         ,reexec_datetime
         ,onm_work_id
         ,common_data_release_result_val
         )
         VALUES 
         (
          src.tenant_id
         ,src.audit_datetime
         ,src.audit_id
         ,src.pkg_type_cd
         ,src.pkg_name
         ,src.pkg_version_val
         ,src.pkg_desc
         ,src.pkg_release_type_cd
         ,src.work_start_datetime
         ,src.verify_procedure_attach_file_num
         ,src.work_procedure_attach_file_num
         ,src.inspection_procedure_attach_file_num
         ,src.work_schedule_datetime
         ,src.db_work_yn
         ,src.db_script_attach_file_num
         ,src.ddl_exec_yn
         ,src.bprint_poi_release_yn
         ,src.work_exec_result_cd
         ,src.inspection_result_attach_file_num
         ,src.reexec_datetime
         ,src.onm_work_id
         ,src.common_data_release_result_val
         );
	</update>
	
	
	<select id="readOomPackageDeployJob" parameterType="com.adtcaps.tsop.onm.api.domain.OomPackageDeployJobDto" resultType="com.adtcaps.tsop.onm.api.deploy.domain.PackageDeployJobDetailResultDto">
		SELECT  A.tenant_id
               ,A.pkg_work_id
               ,A.audit_datetime
               ,A.audit_id
               ,A.pkg_type_cd
               ,A.pkg_name
               ,A.pkg_version_val
               ,A.pkg_desc
               ,A.pkg_release_type_cd
               ,G.common_cd_val_name AS pkg_release_type_name
               ,A.work_start_datetime
               ,A.work_end_datetime
               ,A.verify_procedure_attach_file_num
               ,B.attach_file_name AS verify_procedure_attach_file_name
               ,A.work_procedure_attach_file_num
               ,C.attach_file_name AS work_procedure_attach_file_name
               ,A.inspection_procedure_attach_file_num
               ,D.attach_file_name AS inspection_procedure_attach_file_name
               ,A.work_schedule_datetime
               ,A.db_work_yn
               ,A.db_script_attach_file_num
               ,E.attach_file_name AS db_script_attach_file_name
               ,A.ddl_exec_yn
               ,A.bprint_poi_release_yn
               ,A.work_exec_result_cd
               ,H.common_cd_val_name AS work_exec_result_name
               ,A.inspection_result_attach_file_num
               ,F.attach_file_name AS inspection_result_attach_file_name
               ,A.reexec_datetime
               ,A.onm_work_id
               ,A.common_data_release_result_val
		  FROM (
		        SELECT  tenant_id
                       ,pkg_work_id
                       ,audit_datetime
                       ,audit_id
                       ,pkg_type_cd
                       ,pkg_name
                       ,pkg_version_val
                       ,pkg_desc
                       ,pkg_release_type_cd
                       ,work_start_datetime
                       ,work_end_datetime
                       ,verify_procedure_attach_file_num
                       ,work_procedure_attach_file_num
                       ,inspection_procedure_attach_file_num
                       ,work_schedule_datetime
                       ,db_work_yn
                       ,db_script_attach_file_num
                       ,ddl_exec_yn
                       ,bprint_poi_release_yn
                       ,work_exec_result_cd
                       ,inspection_result_attach_file_num
                       ,reexec_datetime
                       ,onm_work_id
                       ,common_data_release_result_val
                  FROM  OOM_PACKAGE_DEPLOY_JOB WITH(NOLOCK)
                 WHERE  tenant_id = #{tenantId}
                   <if test='pkgWorkId != null'>
                   <if test='!"".equals(pkgWorkId)'>
                   AND  pkg_work_id = #{pkgWorkId}
                   </if>
                   </if>
                   <if test='onmWorkId != null'>
                   <if test='onmWorkId > 0'>
                   AND  onm_work_id = #{onmWorkId}
                   </if>
                   </if>
		       ) A
		       LEFT OUTER JOIN
		       (
		        SELECT  attach_file_num
                       ,attach_file_name
		          FROM  OOM_ATTACH_FILE WITH(NOLOCK)
		       ) B
		       ON (A.verify_procedure_attach_file_num = B.attach_file_num)
		       LEFT OUTER JOIN
		       (
		        SELECT  attach_file_num
                       ,attach_file_name
		          FROM  OOM_ATTACH_FILE WITH(NOLOCK)
		       ) C
		       ON (A.work_procedure_attach_file_num = C.attach_file_num)
		       LEFT OUTER JOIN
		       (
		        SELECT  attach_file_num
                       ,attach_file_name
		          FROM  OOM_ATTACH_FILE WITH(NOLOCK)
		       ) D
		       ON (A.inspection_procedure_attach_file_num = D.attach_file_num)
		       LEFT OUTER JOIN
		       (
		        SELECT  attach_file_num
                       ,attach_file_name
		          FROM  OOM_ATTACH_FILE WITH(NOLOCK)
		       ) E
		       ON (A.db_script_attach_file_num = E.attach_file_num)
		       LEFT OUTER JOIN
		       (
		        SELECT  attach_file_num
                       ,attach_file_name
		          FROM  OOM_ATTACH_FILE WITH(NOLOCK)
		       ) F
		       ON (A.inspection_result_attach_file_num = F.attach_file_num)
		       LEFT OUTER JOIN
		       (
		        SELECT  common_cd_val
                       ,common_cd_val_name
		          FROM  OOM_COMMON_CODE_DETAIL WITH(NOLOCK)
                 WHERE  common_cd = 'pkg_release_type_cd'
                   AND  effect_start_datetime <![CDATA[ <= ]]> FORMAT(GETDATE(),'yyyyMMddHHmmss')
                   AND  effect_end_datetime <![CDATA[ >= ]]> FORMAT(GETDATE(),'yyyyMMddHHmmss')
		       ) G
		       ON (A.pkg_release_type_cd = G.common_cd_val)
		       LEFT OUTER JOIN
		       (
		        SELECT  common_cd_val
                       ,common_cd_val_name
		          FROM  OOM_COMMON_CODE_DETAIL WITH(NOLOCK)
                 WHERE  common_cd = 'work_exec_result_cd'
                   AND  effect_start_datetime <![CDATA[ <= ]]> FORMAT(GETDATE(),'yyyyMMddHHmmss')
                   AND  effect_end_datetime <![CDATA[ >= ]]> FORMAT(GETDATE(),'yyyyMMddHHmmss')
		       ) H
		       ON (A.work_exec_result_cd = H.common_cd_val)
	</select>
	
	<select id="readVerifyProcedureAttachFile" parameterType="com.adtcaps.tsop.onm.api.domain.OomPackageDeployJobDto" resultType="com.adtcaps.tsop.onm.api.deploy.domain.PackageDeployJobDetailResultDto">
		SELECT  A.verify_procedure_attach_file_num
		  FROM (
		        SELECT  tenant_id
                       ,pkg_work_id
                       ,verify_procedure_attach_file_num
                       ,onm_work_id
                  FROM  OOM_PACKAGE_DEPLOY_JOB WITH(NOLOCK)
                 WHERE  tenant_id = #{tenantId}
                   <if test='pkgWorkId != null'>
                   <if test='!"".equals(pkgWorkId)'>
                   AND  pkg_work_id = #{pkgWorkId}
                   </if>
                   </if>
                   <if test='onmWorkId != null'>
                   <if test='onmWorkId > 0'>
                   AND  onm_work_id = #{onmWorkId}
                   </if>
                   </if>
		       ) A
		       INNER JOIN
		       (
		        SELECT  attach_file_num
                       ,attach_file_name
		          FROM  OOM_ATTACH_FILE WITH(NOLOCK)
		       ) B
		       ON (A.verify_procedure_attach_file_num = B.attach_file_num)
	</select>
	
	<select id="readWorkProcedureAttachFile" parameterType="com.adtcaps.tsop.onm.api.domain.OomPackageDeployJobDto" resultType="com.adtcaps.tsop.onm.api.deploy.domain.PackageDeployJobDetailResultDto">
		SELECT  A.work_procedure_attach_file_num
		  FROM (
		        SELECT  tenant_id
                       ,pkg_work_id
                       ,work_procedure_attach_file_num
                       ,onm_work_id
                  FROM  OOM_PACKAGE_DEPLOY_JOB WITH(NOLOCK)
                 WHERE  tenant_id = #{tenantId}
                   <if test='pkgWorkId != null'>
                   <if test='!"".equals(pkgWorkId)'>
                   AND  pkg_work_id = #{pkgWorkId}
                   </if>
                   </if>
                   <if test='onmWorkId != null'>
                   <if test='onmWorkId > 0'>
                   AND  onm_work_id = #{onmWorkId}
                   </if>
                   </if>
		       ) A
		       INNER JOIN
		       (
		        SELECT  attach_file_num
                       ,attach_file_name
		          FROM  OOM_ATTACH_FILE WITH(NOLOCK)
		       ) B
		       ON (A.work_procedure_attach_file_num = B.attach_file_num)
	</select>
	
	<select id="readInspectionProcedureAttachFile" parameterType="com.adtcaps.tsop.onm.api.domain.OomPackageDeployJobDto" resultType="com.adtcaps.tsop.onm.api.deploy.domain.PackageDeployJobDetailResultDto">
		SELECT  A.inspection_procedure_attach_file_num
		  FROM (
		        SELECT  tenant_id
                       ,pkg_work_id
                       ,inspection_procedure_attach_file_num
                       ,onm_work_id
                  FROM  OOM_PACKAGE_DEPLOY_JOB WITH(NOLOCK)
                 WHERE  tenant_id = #{tenantId}
                   <if test='pkgWorkId != null'>
                   <if test='!"".equals(pkgWorkId)'>
                   AND  pkg_work_id = #{pkgWorkId}
                   </if>
                   </if>
                   <if test='onmWorkId != null'>
                   <if test='onmWorkId > 0'>
                   AND  onm_work_id = #{onmWorkId}
                   </if>
                   </if>
		       ) A
		       INNER JOIN
		       (
		        SELECT  attach_file_num
                       ,attach_file_name
		          FROM  OOM_ATTACH_FILE WITH(NOLOCK)
		       ) B
		       ON (A.inspection_procedure_attach_file_num = B.attach_file_num)
	</select>
	
	<select id="readDbScriptAttachFile" parameterType="com.adtcaps.tsop.onm.api.domain.OomPackageDeployJobDto" resultType="com.adtcaps.tsop.onm.api.deploy.domain.PackageDeployJobDetailResultDto">
		SELECT  A.db_script_attach_file_num
		  FROM (
		        SELECT  tenant_id
                       ,pkg_work_id
                       ,db_script_attach_file_num
                       ,onm_work_id
                  FROM  OOM_PACKAGE_DEPLOY_JOB WITH(NOLOCK)
                 WHERE  tenant_id = #{tenantId}
                   <if test='pkgWorkId != null'>
                   <if test='!"".equals(pkgWorkId)'>
                   AND  pkg_work_id = #{pkgWorkId}
                   </if>
                   </if>
                   <if test='onmWorkId != null'>
                   <if test='onmWorkId > 0'>
                   AND  onm_work_id = #{onmWorkId}
                   </if>
                   </if>
		       ) A
		       INNER JOIN
		       (
		        SELECT  attach_file_num
                       ,attach_file_name
		          FROM  OOM_ATTACH_FILE WITH(NOLOCK)
		       ) B
		       ON (A.db_script_attach_file_num = B.attach_file_num)
	</select>
	
	<select id="readInspectionResultAttachFile" parameterType="com.adtcaps.tsop.onm.api.domain.OomPackageDeployJobDto" resultType="com.adtcaps.tsop.onm.api.deploy.domain.PackageDeployJobDetailResultDto">
		SELECT  A.inspection_result_attach_file_num
		  FROM (
		        SELECT  tenant_id
                       ,pkg_work_id
                       ,inspection_result_attach_file_num
                       ,onm_work_id
                  FROM  OOM_PACKAGE_DEPLOY_JOB WITH(NOLOCK)
                 WHERE  tenant_id = #{tenantId}
                   <if test='pkgWorkId != null'>
                   <if test='!"".equals(pkgWorkId)'>
                   AND  pkg_work_id = #{pkgWorkId}
                   </if>
                   </if>
                   <if test='onmWorkId != null'>
                   <if test='onmWorkId > 0'>
                   AND  onm_work_id = #{onmWorkId}
                   </if>
                   </if>
		       ) A
		       INNER JOIN
		       (
		        SELECT  attach_file_num
                       ,attach_file_name
		          FROM  OOM_ATTACH_FILE WITH(NOLOCK)
		       ) B
		       ON (A.inspection_result_attach_file_num = B.attach_file_num)
	</select>
	
	
	
	
	
	
	<update id="updateDeployWorkEndDatetime" parameterType="com.adtcaps.tsop.onm.api.domain.OomPackageDeployJobDto">
	    UPDATE  OOM_PACKAGE_DEPLOY_JOB
	       SET  work_end_datetime = FORMAT(GETDATE(), 'yyyyMMddHHmmss')
         WHERE  tenant_id = #{tenantId}
           <if test='pkgWorkId != null'>
           <if test='!"".equals(pkgWorkId)'>
           AND  pkg_work_id = #{pkgWorkId}
           </if>
           </if>
           <if test='onmWorkId != null'>
           <if test='onmWorkId > 0'>
           AND  onm_work_id = #{onmWorkId}
           </if>
           </if>
	</update>
	
	<update id="updateDeployVerifyProcedureAttachFileNum" parameterType="com.adtcaps.tsop.onm.api.domain.OomPackageDeployJobDto">
	    UPDATE  OOM_PACKAGE_DEPLOY_JOB
	       SET  verify_procedure_attach_file_num = #{verifyProcedureAttachFileNum}
         WHERE  tenant_id = #{tenantId}
           <if test='pkgWorkId != null'>
           <if test='!"".equals(pkgWorkId)'>
           AND  pkg_work_id = #{pkgWorkId}
           </if>
           </if>
           <if test='onmWorkId != null'>
           <if test='onmWorkId > 0'>
           AND  onm_work_id = #{onmWorkId}
           </if>
           </if>
	</update>
	
	<update id="updateDeployWorkProcedureAttachFileNum" parameterType="com.adtcaps.tsop.onm.api.domain.OomPackageDeployJobDto">
	    UPDATE  OOM_PACKAGE_DEPLOY_JOB
	       SET  work_procedure_attach_file_num = #{workProcedureAttachFileNum}
         WHERE  tenant_id = #{tenantId}
           <if test='pkgWorkId != null'>
           <if test='!"".equals(pkgWorkId)'>
           AND  pkg_work_id = #{pkgWorkId}
           </if>
           </if>
           <if test='onmWorkId != null'>
           <if test='onmWorkId > 0'>
           AND  onm_work_id = #{onmWorkId}
           </if>
           </if>
	</update>
	
	<update id="updateDeployInspectionProcedureAttachFileNum" parameterType="com.adtcaps.tsop.onm.api.domain.OomPackageDeployJobDto">
	    UPDATE  OOM_PACKAGE_DEPLOY_JOB
	       SET  inspection_procedure_attach_file_num = #{inspectionProcedureAttachFileNum}
         WHERE  tenant_id = #{tenantId}
           <if test='pkgWorkId != null'>
           <if test='!"".equals(pkgWorkId)'>
           AND  pkg_work_id = #{pkgWorkId}
           </if>
           </if>
           <if test='onmWorkId != null'>
           <if test='onmWorkId > 0'>
           AND  onm_work_id = #{onmWorkId}
           </if>
           </if>
	</update>
	
	<update id="updateDeployDbScriptAttachFileNum" parameterType="com.adtcaps.tsop.onm.api.domain.OomPackageDeployJobDto">
	    UPDATE  OOM_PACKAGE_DEPLOY_JOB
	       SET  db_script_attach_file_num = #{dbScriptAttachFileNum}
         WHERE  tenant_id = #{tenantId}
           <if test='pkgWorkId != null'>
           <if test='!"".equals(pkgWorkId)'>
           AND  pkg_work_id = #{pkgWorkId}
           </if>
           </if>
           <if test='onmWorkId != null'>
           <if test='onmWorkId > 0'>
           AND  onm_work_id = #{onmWorkId}
           </if>
           </if>
	</update>
	
	<update id="updateDeployInspectionResultAttachFileNum" parameterType="com.adtcaps.tsop.onm.api.domain.OomPackageDeployJobDto">
	    UPDATE  OOM_PACKAGE_DEPLOY_JOB
	       SET  inspection_result_attach_file_num = #{inspectionResultAttachFileNum}
         WHERE  tenant_id = #{tenantId}
           <if test='pkgWorkId != null'>
           <if test='!"".equals(pkgWorkId)'>
           AND  pkg_work_id = #{pkgWorkId}
           </if>
           </if>
           <if test='onmWorkId != null'>
           <if test='onmWorkId > 0'>
           AND  onm_work_id = #{onmWorkId}
           </if>
           </if>
	</update>
	
	<update id="deleteOomPackageDeployJob" parameterType="com.adtcaps.tsop.onm.api.domain.OomPackageDeployJobDto">
	    DELETE  
	      FROM  OOM_PACKAGE_DEPLOY_JOB
         WHERE  onm_work_id = #{onmWorkId}
	</update>
	
	
	<select id="listPagePackageDeployJob" parameterType="com.adtcaps.tsop.onm.api.deploy.domain.PackageDeployJobGridRequestDto" resultType="com.adtcaps.tsop.onm.api.deploy.domain.PackageDeployJobGridResultDto">
		<include refid="PagingMapper.pagingPreSQL"/>
		SELECT  A.tenant_id
               ,A.pkg_work_id
               ,B.tenant_name
               ,A.pkg_release_type_cd
               ,C.common_cd_val_name AS pkg_release_type_name
               ,A.pkg_name
               ,A.work_start_datetime
               ,A.work_end_datetime
               ,A.work_exec_result_cd
               ,D.common_cd_val_name AS work_exec_result_name
               ,A.audit_datetime
		  FROM (
		        SELECT  tenant_id
                       ,pkg_work_id
                       ,audit_datetime
                       ,audit_id
                       ,pkg_type_cd
                       ,pkg_name
                       ,pkg_version_val
                       ,pkg_desc
                       ,pkg_release_type_cd
                       ,work_start_datetime
                       ,work_end_datetime
                       ,verify_procedure_attach_file_num
                       ,work_procedure_attach_file_num
                       ,inspection_procedure_attach_file_num
                       ,work_schedule_datetime
                       ,db_work_yn
                       ,db_script_attach_file_num
                       ,ddl_exec_yn
                       ,bprint_poi_release_yn
                       ,work_exec_result_cd
                       ,inspection_result_attach_file_num
                       ,reexec_datetime
                       ,onm_work_id
                       ,common_data_release_result_val
                  FROM  OOM_PACKAGE_DEPLOY_JOB WITH(NOLOCK)
                 WHERE  work_start_datetime  BETWEEN #{fromDate} AND #{toDate}
                   <if test='!"".equals(tenantId)'>
                   AND  tenant_id = #{tenantId}
                   </if>
                   <if test='!"".equals(pkgReleaseTypeCd)'>
                   AND  pkg_release_type_cd = #{pkgReleaseTypeCd}
                   </if>
                   <if test='!"".equals(workExecResultCd)'>
                   AND  work_exec_result_cd = #{workExecResultCd}
                   </if>
		       ) A
		       INNER JOIN
		       (
		        SELECT  BB.tenant_id AS tenant_id
		               ,BB.tenant_name AS tenant_name
		          FROM (
		                SELECT  tenant_id
		                       ,tenant_name
		                  FROM  OOM_TENANT WITH(NOLOCK)
                         WHERE  delete_yn = 'N'
                        UNION ALL
                        SELECT  tenant_id
		                       ,tenant_name
		                  FROM  OOM_WORK_TENANT WITH(NOLOCK)
		               ) BB
		         GROUP
		            BY  BB.tenant_id
		               ,BB.tenant_name
		       ) B
		       ON (A.tenant_id = B.tenant_id)
		       LEFT OUTER JOIN
		       (
		        SELECT  common_cd_val
                       ,common_cd_val_name
		          FROM  OOM_COMMON_CODE_DETAIL WITH(NOLOCK)
                 WHERE  common_cd = 'pkg_release_type_cd'
                   AND  effect_start_datetime <![CDATA[ <= ]]> FORMAT(GETDATE(),'yyyyMMddHHmmss')
                   AND  effect_end_datetime <![CDATA[ >= ]]> FORMAT(GETDATE(),'yyyyMMddHHmmss')
                   <if test='!"".equals(pkgReleaseTypeCd)'>
                   AND  common_cd_val = #{pkgReleaseTypeCd}
                   </if>
		       ) C
		       ON (A.pkg_release_type_cd = C.common_cd_val)
		       LEFT OUTER JOIN
		       (
		        SELECT  common_cd_val
                       ,common_cd_val_name
		          FROM  OOM_COMMON_CODE_DETAIL WITH(NOLOCK)
                 WHERE  common_cd = 'work_exec_result_cd'
                   AND  effect_start_datetime <![CDATA[ <= ]]> FORMAT(GETDATE(),'yyyyMMddHHmmss')
                   AND  effect_end_datetime <![CDATA[ >= ]]> FORMAT(GETDATE(),'yyyyMMddHHmmss')
                   <if test='!"".equals(workExecResultCd)'>
                   AND  common_cd_val = #{workExecResultCd}
                   </if>
		       ) D
		       ON (A.work_exec_result_cd = D.common_cd_val)
		<if test='"".equals(orderBy)'>
		<include refid="PagingMapper.pagingPostSQL">
		    <property name="orderBy" value="audit_datetime DESC"/>
		</include>
		</if>
		<if test='!"".equals(orderBy)'>
		<include refid="PagingMapper.pagingPostSQL">
		    <property name="orderBy" value="${orderBy}"/>
		</include>
		</if>
	</select>
	
</mapper>