<?xml version="1.0" encoding="UTF-8"?>
<!DOCTYPE mapper PUBLIC "-//mybatis.org//DTD Mapper 3.0//EN" "http://mybatis.org/dtd/mybatis-3-mapper.dtd">

<mapper namespace="com.adtcaps.tsop.onm.api.building.mapper.OomBuildingMapper">
	
	<select id="listBuildingForCombo" parameterType="com.adtcaps.tsop.onm.api.domain.OomBuildingDto" resultType="com.adtcaps.tsop.onm.api.building.domain.BuildingForComboResultDto">
		SELECT  bld_id
               ,bld_name
          FROM  OOM_BUILDING WITH(NOLOCK)
         WHERE  tenant_id = #{tenantId}
           AND  use_yn = 'Y'
         ORDER
            BY  bld_id ASC
	</select>
	
	<select id="listTenantBuilding" parameterType="com.adtcaps.tsop.onm.api.domain.OomBuildingDto" resultType="com.adtcaps.tsop.onm.api.building.domain.TenantBuildingGridResultDto">
		SELECT  A.bld_id
               ,A.bld_name
               ,A.use_yn
               ,B.bld_type_cd_name
               ,A.ground_floor
               ,A.underground_floor
               ,C.linkage_standard_version_val
               ,(CASE WHEN ISNULL(D.bld_service_count, 0) = 0 THEN 0 ELSE D.bld_service_count END) AS bld_service_count
		  FROM (
		        SELECT  bld_id
                       ,tenant_id
                       ,bld_name
                       ,ground_floor
                       ,underground_floor
                       ,bld_type_cd
                       ,use_yn
                  FROM  OOM_BUILDING WITH(NOLOCK)
                 WHERE  tenant_id = #{tenantId}
                   AND  use_yn = 'Y'
		       ) A
		       LEFT OUTER JOIN
		       (
		        SELECT  bld_type_cd
                       ,bld_type_cd_name
		          FROM  OOM_BUILDING_TYPE_CODE WITH(NOLOCK)
		       ) B
		       ON (A.bld_type_cd = B.bld_type_cd)
		       LEFT OUTER JOIN
		       (
		        SELECT  bld_id
                       ,MAX(linkage_standard_version_val) AS linkage_standard_version_val
		          FROM  OOM_BUILDING_SERVICE_CONNECTION WITH(NOLOCK)
		         GROUP
		            BY  bld_id
		       ) C
		       ON (A.bld_id = C.bld_id)
		       LEFT OUTER JOIN
		       (
		        SELECT  bld_id
                       ,COUNT(*) AS bld_service_count
		          FROM  OOM_BUILDING_SERVICE WITH(NOLOCK)
		         WHERE  use_yn = 'Y'
		         GROUP
		            BY  bld_id
		       ) D
		       ON (A.bld_id = D.bld_id)
		 ORDER
		    BY  A.bld_id ASC
	</select>
	
	<select id="listTenantBuildingForWork" parameterType="com.adtcaps.tsop.onm.api.domain.OomBuildingDto" resultType="com.adtcaps.tsop.onm.api.building.domain.TenantBuildingGridResultDto">
		SELECT  A.bld_id
               ,A.bld_name
		  FROM (
		        SELECT  bld_id
                       ,tenant_id
                       ,bld_name
                       ,ground_floor
                       ,underground_floor
                       ,bld_type_cd
                       ,use_yn
                  FROM  OOM_BUILDING WITH(NOLOCK)
                 WHERE  tenant_id = #{tenantId}
                   AND  use_yn = 'Y'
		       ) A
		 ORDER
		    BY  A.bld_id ASC
	</select>
	
	<select id="readOomBuilding" parameterType="com.adtcaps.tsop.onm.api.domain.OomBuildingDto" resultType="com.adtcaps.tsop.onm.api.domain.OomBuildingDto">
		SELECT  bld_id
               ,tenant_id
               ,bld_name
               ,bld_abbr_name
               ,lotnum_addr
               ,streetname_addr
               ,ldong_cd
               ,detail_addr
               ,latitude_val
               ,longitude_val
               ,bld_totalfloorarea_size
               ,cond_area_size
               ,prksite_area_size
               ,ground_floor
               ,underground_floor
               ,complet_date
               ,weather_forecast_x_codn_val
               ,weather_forecast_y_codn_val
               ,bld_type_cd
               ,service_start_date
               ,service_end_date
               ,use_yn
               ,map_x_codn_val
               ,map_y_codn_val
               ,bld_image_addr
          FROM  OOM_BUILDING WITH(NOLOCK)
		 WHERE  bld_id = #{bldId}
		   AND  tenant_id = #{tenantId}
	</select>
	
	
	
	<select id="listPageOomBuilding" parameterType="com.adtcaps.tsop.onm.api.building.domain.BuildingGridDto" resultType="com.adtcaps.tsop.onm.api.building.domain.BuildingGridDto">
		<include refid="PagingMapper.pagingPreSQL"/>
		SELECT  bld_id
               ,CONVERT(VARCHAR, audit_datetime, 120) AS audit_datetime
               ,tenant_id
               ,bld_name
               ,bld_abbr_name
               ,lotnum_addr
               ,streetname_addr
               ,ldong_cd
               ,latitude_val
               ,longitude_val
               ,bld_totalfloorarea_size
               ,cond_area_size
               ,prksite_area_size
               ,ground_floor
               ,underground_floor
               ,complet_date
               ,weather_forecast_x_codn_val
               ,weather_forecast_y_codn_val
               ,bld_type_cd
               ,service_start_date
               ,service_end_date
               ,use_yn
          FROM  OOM_BUILDING WITH(NOLOCK)
		<if test='"".equals(orderBy)'>
		<include refid="PagingMapper.pagingPostSQL">
		    <property name="orderBy" value="bld_id ASC, audit_datetime DESC"/>
		</include>
		</if>
		<if test='!"".equals(orderBy)'>
		<include refid="PagingMapper.pagingPostSQL">
		    <property name="orderBy" value="${orderBy}"/>
		</include>
		</if>
	</select>


</mapper>