<?xml version="1.0" encoding="UTF-8"?>
<!DOCTYPE mapper PUBLIC "-//mybatis.org//DTD Mapper 3.0//EN" "http://mybatis.org/dtd/mybatis-3-mapper.dtd">

<mapper namespace="com.adtcaps.tsop.onm.api.building.mapper.OomBuildingServiceConnectionMapper">
	
	<select id="readBuildingServiceConnection" parameterType="com.adtcaps.tsop.onm.api.domain.OomBuildingServiceConnectionDto" resultType="com.adtcaps.tsop.onm.api.domain.OomBuildingServiceConnectionDto">
		SELECT  A.connect_version_val
               ,A.service_sys_name
               ,A.linkage_standard_version_val
               ,A.connection_info
               ,A.connection_port_num
               ,A.develop_linkage_key_val
               ,A.common_linkage_key_val
		  FROM (
		        SELECT  bld_id
                       ,service_cl_cd
                       ,service_sys_name
                       ,linkage_standard_version_val
                       ,audit_datetime
                       ,audit_id
                       ,connect_version_val
                       ,connection_info
                       ,connection_port_num
                       ,protocol_type_cd
                       ,server_env_desc
                       ,develop_linkage_key_val
                       ,common_linkage_key_val
		          FROM  OOM_BUILDING_SERVICE_CONNECTION WITH(NOLOCK)
                 WHERE  bld_id = #{bldId}
                   AND  service_cl_cd = #{serviceClCd}
		       ) A
		       INNER JOIN
               (
		        SELECT  bld_id
                       ,service_cl_cd
                       ,MAX(service_sys_name) AS service_sys_name
                       ,MAX(linkage_standard_version_val) AS linkage_standard_version_val
		          FROM  OOM_BUILDING_SERVICE_CONNECTION WITH(NOLOCK)
                 WHERE  bld_id = #{bldId}
                   AND  service_cl_cd = #{serviceClCd}
                 GROUP
                    BY  bld_id
                       ,service_cl_cd
		       ) B
		       ON (A.bld_id = B.bld_id  AND  
		           A.service_cl_cd = B.service_cl_cd  AND
		           A.service_sys_name = B.service_sys_name  AND
		           A.linkage_standard_version_val = B.linkage_standard_version_val)
	</select>
	
	
	<select id="readBuildingServiceConnectionCount" parameterType="com.adtcaps.tsop.onm.api.domain.OomBuildingServiceConnectionDto" resultType="java.lang.Integer">
		SELECT  COUNT(*) AS connection_count
		  FROM  OOM_BUILDING_SERVICE_CONNECTION WITH(NOLOCK)
		 WHERE  service_cl_cd = #{serviceClCd}
           AND  service_sys_name = #{serviceSysName}
           AND  linkage_standard_version_val = #{linkageStandardVersionVal}
	</select>
	
	
	<select id="listBuildingServiceConnection" parameterType="com.adtcaps.tsop.onm.api.domain.OomBuildingServiceConnectionDto" resultType="com.adtcaps.tsop.onm.api.domain.OomBuildingServiceConnectionDto">
		SELECT  bld_id
               ,service_cl_cd
               ,service_sys_name
               ,linkage_standard_version_val
               ,connect_version_val
               ,connection_info
               ,connection_port_num
               ,protocol_type_cd
               ,server_env_desc
               ,develop_linkage_key_val
               ,common_linkage_key_val
               ,expect_perhr_use_cnt
               ,edgegw_driver_cl_cd
          FROM  OOM_BUILDING_SERVICE_CONNECTION WITH(NOLOCK)
         WHERE  bld_id = #{bldId}
           <if test='serviceClCd != null'>
           <if test='!"".equals(serviceClCd)'>
           AND  service_cl_cd = #{serviceClCd}
           </if>
           </if>
         ORDER
            BY  bld_id ASC
               ,service_cl_cd ASC
	</select>
	
	
	<select id="listPageBuildingServiceConnection" parameterType="com.adtcaps.tsop.onm.api.building.domain.BuildingServiceConnectionGridRequestDto" resultType="com.adtcaps.tsop.onm.api.building.domain.BuildingServiceConnectionGridResultDto">
		<include refid="PagingMapper.pagingPreSQL"/>
		SELECT  A.bld_id
               ,A.service_cl_cd
               ,A.service_sys_name
               ,A.connect_version_val
               ,C.tenant_name
               ,B.bld_name
               ,D.common_cd_val_name AS service_cl_name
               ,A.linkage_standard_version_val
               ,A.audit_datetime
		  FROM (
		        SELECT  bld_id
                       ,service_cl_cd
                       ,service_sys_name
                       ,connect_version_val
                       ,audit_datetime
                       ,audit_id
                       ,linkage_standard_version_val
                       ,connection_info
                       ,connection_port_num
                       ,protocol_type_cd
                       ,server_env_desc
                       ,develop_linkage_key_val
                       ,common_linkage_key_val
                  FROM  OOM_BUILDING_SERVICE_CONNECTION WITH(NOLOCK)
                 WHERE  1 = 1
                   <if test='!"".equals(serviceClCd)'>
                   AND  service_cl_cd = #{serviceClCd}
                   </if>
                   <if test='!"".equals(connectVerSearchKeyword)'>
                   AND  UPPER(connect_version_val) LIKE CONCAT('%', UPPER(#{connectVerSearchKeyword}), '%')
                   </if>
                   <if test='!"".equals(linkageVerSearchKeyword)'>
                   AND  UPPER(linkage_standard_version_val) LIKE CONCAT('%', UPPER(#{linkageVerSearchKeyword}), '%')
                   </if>
		       ) A
		       INNER JOIN
		       (
		        SELECT  tenant_id
                       ,bld_id
                       ,bld_name
		          FROM  OOM_BUILDING WITH(NOLOCK)
		         WHERE  use_yn = 'Y'
		           <if test='!"".equals(bldId)'>
                   AND  bld_id = #{bldId}
                   </if>
		       ) B
		       ON (A.bld_id = B.bld_id)
		       INNER JOIN
		       (
		        SELECT  tenant_id
		               ,tenant_name
		          FROM  OOM_TENANT WITH(NOLOCK)
                 WHERE  delete_yn = 'N'
                   <if test='!"".equals(tenantId)'>
                   AND  tenant_id = #{tenantId}
                   </if>
		       ) C
		       ON (B.tenant_id = C.tenant_id)
		       INNER JOIN
		       (
		        SELECT  common_cd_val
                       ,common_cd_val_name
		          FROM  OOM_COMMON_CODE_DETAIL WITH(NOLOCK)
                 WHERE  common_cd = 'service_cl_cd'
                   AND  effect_start_datetime <![CDATA[ <= ]]> FORMAT(GETDATE(),'yyyyMMddHHmmss')
                   AND  effect_end_datetime <![CDATA[ >= ]]> FORMAT(GETDATE(),'yyyyMMddHHmmss')
                   <if test='!"".equals(serviceClCd)'>
                   AND  common_cd_val = #{serviceClCd}
                   </if>
		       ) D
		       ON (A.service_cl_cd = D.common_cd_val)
		       INNER JOIN
		       (
		        SELECT  bld_id
                       ,service_cl_cd
		          FROM  OOM_BUILDING_SERVICE WITH(NOLOCK)
		         WHERE  use_yn = 'Y'
		           <if test='!"".equals(bldId)'>
                   AND  bld_id = #{bldId}
                   </if>
                   <if test='!"".equals(serviceClCd)'>
                   AND  service_cl_cd = #{serviceClCd}
                   </if>
		       ) E
		       ON (A.bld_id = E.bld_id  AND  
		           A.service_cl_cd = E.service_cl_cd)
		<if test='"".equals(orderBy)'>
		<include refid="PagingMapper.pagingPostSQL">
		    <property name="orderBy" value="audit_datetime DESC"/>
		</include>
		</if>
		<if test='!"".equals(orderBy)'>
		<include refid="PagingMapper.pagingPostSQL">
		    <property name="orderBy" value="${orderBy}"/>
		</include>
		</if>
	</select>
	
	<select id="readOomBuildingServiceConnectionInfo" parameterType="com.adtcaps.tsop.onm.api.domain.OomBuildingServiceConnectionDto" resultType="com.adtcaps.tsop.onm.api.building.domain.BuildingServiceConnectionDetailResultDto">
		SELECT  B.tenant_id
               ,C.tenant_name
               ,B.bld_name
               ,A.bld_id
               ,A.service_cl_cd
               ,A.service_sys_name
               ,D.common_cd_val_name AS service_cl_name
               ,A.linkage_standard_version_val
               ,A.connection_info
               ,A.connection_port_num
               ,A.develop_linkage_key_val
               ,A.common_linkage_key_val
		  FROM (
		        SELECT  bld_id
                       ,service_cl_cd
                       ,service_sys_name
                       ,connect_version_val
                       ,audit_datetime
                       ,audit_id
                       ,linkage_standard_version_val
                       ,connection_info
                       ,connection_port_num
                       ,protocol_type_cd
                       ,server_env_desc
                       ,develop_linkage_key_val
                       ,common_linkage_key_val
                  FROM  OOM_BUILDING_SERVICE_CONNECTION WITH(NOLOCK)
                 WHERE  bld_id = #{bldId}
                   AND  service_cl_cd = #{serviceClCd}
                   AND  service_sys_name = #{serviceSysName}
                   AND  connect_version_val = #{connectVersionVal}
		       ) A
		       INNER JOIN
		       (
		        SELECT  tenant_id
                       ,bld_id
                       ,bld_name
		          FROM  OOM_BUILDING WITH(NOLOCK)
		         WHERE  use_yn = 'Y'
		       ) B
		       ON (A.bld_id = B.bld_id)
		       INNER JOIN
		       (
		        SELECT  tenant_id
		               ,tenant_name
		          FROM  OOM_TENANT WITH(NOLOCK)
                 WHERE  delete_yn = 'N'
		       ) C
		       ON (B.tenant_id = C.tenant_id)
		       INNER JOIN
		       (
		        SELECT  common_cd_val
                       ,common_cd_val_name
		          FROM  OOM_COMMON_CODE_DETAIL WITH(NOLOCK)
                 WHERE  common_cd = 'service_cl_cd'
                   AND  effect_start_datetime <![CDATA[ <= ]]> FORMAT(GETDATE(),'yyyyMMddHHmmss')
                   AND  effect_end_datetime <![CDATA[ >= ]]> FORMAT(GETDATE(),'yyyyMMddHHmmss')
		       ) D
		       ON (A.service_cl_cd = D.common_cd_val)
	</select>

</mapper>