<?xml version="1.0" encoding="UTF-8"?>
<!DOCTYPE mapper PUBLIC "-//mybatis.org//DTD Mapper 3.0//EN" "http://mybatis.org/dtd/mybatis-3-mapper.dtd">

<mapper namespace="com.adtcaps.tsop.onm.api.alarm.mapper.OomAlarmNoticeReceiveGroupMapper">
	
	<select id="listAlarmNoticeReceiveGroupForCombo" resultType="com.adtcaps.tsop.onm.api.alarm.domain.AlarmNoticeReceiveGroupForComboResultDto">
		SELECT  alarm_notice_group_id
               ,alarm_notice_group_name
		  FROM  OOM_ALARM_NOTICE_RECEIVE_GROUP WITH(NOLOCK)
		 WHERE  use_yn = 'Y'
		 ORDER
		    BY  alarm_notice_group_name ASC
	</select>
	
	<select id="listPageAlarmNoticeReceiveGroup" parameterType="com.adtcaps.tsop.onm.api.alarm.domain.AlarmNoticeReceiveGroupGridRequestDto" resultType="com.adtcaps.tsop.onm.api.alarm.domain.AlarmNoticeReceiveGroupGridResultDto">
		<include refid="PagingMapper.pagingPreSQL"/>
		SELECT  A.alarm_notice_group_id
               ,A.alarm_notice_group_name
               ,A.alarm_notice_group_desc
               ,A.use_yn
               ,B.user_name AS register_name
               ,A.regist_datetime
               ,FORMAT(A.audit_datetime, 'yyyy-MM-dd HH:mm:ss') AS audit_datetime
		  FROM (
		        SELECT  alarm_notice_group_id
                       ,alarm_notice_group_name
                       ,alarm_notice_group_desc
                       ,use_yn
                       ,register_id
                       ,regist_datetime
                       ,audit_datetime
                  FROM  OOM_ALARM_NOTICE_RECEIVE_GROUP WITH(NOLOCK)
                 WHERE  sms_use_yn = 'Y'
                   <if test='!"".equals(searchKeyword)'>
                   AND UPPER(alarm_notice_group_name) LIKE CONCAT('%', UPPER(#{searchKeyword}), '%')
                   </if>
                   <if test='!"".equals(useYn)'>
                   AND  use_yn = #{useYn}
                   </if>
		       ) A
		       LEFT OUTER JOIN
		       (
		        SELECT  user_id
		               ,user_name
		          FROM  OOM_USER WITH(NOLOCK)
		       ) B
		       ON (A.register_id = B.user_id)
		<if test='"".equals(orderBy)'>
		<include refid="PagingMapper.pagingPostSQL">
		    <property name="orderBy" value="audit_datetime DESC"/>
		</include>
		</if>
		<if test='!"".equals(orderBy)'>
		<include refid="PagingMapper.pagingPostSQL">
		    <property name="orderBy" value="${orderBy}"/>
		</include>
		</if>
	</select>
	
	<insert id="createOomAlarmNoticeReceiveGroup" parameterType="com.adtcaps.tsop.onm.api.domain.OomAlarmNoticeReceiveGroupDto">
		<selectKey resultType="java.lang.Integer" keyProperty="alarmNoticeGroupId" order="BEFORE">
        SELECT  NEXT VALUE FOR OOM_ALARM_NOTICE_RECEIVE_GROUP_S1 AS alarmNoticeGroupId
		</selectKey>
		INSERT 
		  INTO  OOM_ALARM_NOTICE_RECEIVE_GROUP
		(
		  alarm_notice_group_id
         ,audit_datetime
         ,audit_id
         ,alarm_notice_group_name
         ,alarm_notice_group_desc
         ,sms_use_yn
         ,email_use_yn
         ,regist_datetime
         ,register_id
         ,use_yn
		)
		VALUES
		(
		  #{alarmNoticeGroupId}
         ,GETDATE()
         ,#{auditId}
         ,#{alarmNoticeGroupName}
         ,#{alarmNoticeGroupDesc}
         ,'Y'
         ,'N'
         ,FORMAT(GETDATE(),'yyyyMMddHHmmss')
         ,#{registerId}
         ,#{useYn}
		)
	</insert>
	
	<select id="readAlarmNoticeReceiveGroup" parameterType="com.adtcaps.tsop.onm.api.domain.OomAlarmNoticeReceiveGroupDto" resultType="com.adtcaps.tsop.onm.api.alarm.domain.AlarmNoticeReceiveGroupDetailResultDto">
		SELECT  A.alarm_notice_group_id
               ,A.alarm_notice_group_name
               ,A.alarm_notice_group_desc
               ,A.use_yn
               ,B.user_name AS audit_name
               ,FORMAT(A.audit_datetime, 'yyyy-MM-dd HH:mm:ss') AS audit_datetime
		  FROM (
		        SELECT  alarm_notice_group_id
                       ,alarm_notice_group_name
                       ,alarm_notice_group_desc
                       ,use_yn
                       ,audit_id
                       ,audit_datetime
                  FROM  OOM_ALARM_NOTICE_RECEIVE_GROUP WITH(NOLOCK)
                 WHERE  sms_use_yn = 'Y'
                   AND  alarm_notice_group_id = #{alarmNoticeGroupId}
		       ) A
		       LEFT OUTER JOIN
		       (
		        SELECT  user_id
		               ,user_name
		          FROM  OOM_USER WITH(NOLOCK)
		       ) B
		       ON (A.audit_id = B.user_id)
	</select>
	
	<update id="updateOomAlarmNoticeReceiveGroup" parameterType="com.adtcaps.tsop.onm.api.domain.OomAlarmNoticeReceiveGroupDto">
	    UPDATE  OOM_ALARM_NOTICE_RECEIVE_GROUP
	       SET  audit_datetime = GETDATE()
	           ,audit_id = #{auditId}
	           ,alarm_notice_group_name = #{alarmNoticeGroupName}
	           ,alarm_notice_group_desc = #{alarmNoticeGroupDesc}
         WHERE  alarm_notice_group_id = #{alarmNoticeGroupId}
	</update>
	
	<delete id="deleteOomAlarmNoticeReceiveGroup" parameterType="com.adtcaps.tsop.onm.api.domain.OomAlarmNoticeReceiveGroupDto">
	    UPDATE  OOM_ALARM_NOTICE_RECEIVE_GROUP
	       SET  audit_datetime = GETDATE()
	           ,audit_id = #{auditId}
	           ,use_yn = 'N'
         WHERE  alarm_notice_group_id = #{alarmNoticeGroupId}
	</delete>
	
	<update id="updateAlarmReceiveGroupReuse" parameterType="com.adtcaps.tsop.onm.api.domain.OomAlarmNoticeReceiveGroupDto">
	    UPDATE  OOM_ALARM_NOTICE_RECEIVE_GROUP
	       SET  audit_datetime = GETDATE()
	           ,audit_id = #{auditId}
	           ,use_yn = 'Y'
         WHERE  alarm_notice_group_id = #{alarmNoticeGroupId}
	</update>
	
	<select id="getAlarmReceiveGroupCount" parameterType="com.adtcaps.tsop.onm.api.domain.OomAlarmNoticeReceiveGroupDto" resultType="java.lang.Integer">
		SELECT  COUNT(*) AS group_count
		  FROM  OOM_ALARM_NOTICE_RECEIVE_GROUP
		 WHERE  alarm_notice_group_name = #{alarmNoticeGroupName}
		   <if test='alarmNoticeGroupId != null'>
		   AND  alarm_notice_group_id != #{alarmNoticeGroupId}
		   </if>
	</select>
	
</mapper>