<?xml version="1.0" encoding="UTF-8"?>
<!DOCTYPE mapper PUBLIC "-//mybatis.org//DTD Mapper 3.0//EN" "http://mybatis.org/dtd/mybatis-3-mapper.dtd">

<mapper namespace="com.adtcaps.tsop.onm.api.alarm.mapper.OomAlarmNoticeConditionMapper">
	
	<select id="listPageAlarmNoticeCondition" parameterType="com.adtcaps.tsop.onm.api.alarm.domain.AlarmNoticeConditionGridRequestDto" resultType="com.adtcaps.tsop.onm.api.alarm.domain.AlarmNoticeConditionGridResultDto">
		<include refid="PagingMapper.pagingPreSQL"/>
		SELECT  A.tenant_id
               ,B.tenant_name
               ,A.alarm_notice_cond_seq
               ,A.onm_resource_category_cd
               ,C.onm_resource_category_cd_name
               ,F.onm_alarm_cd_name
               ,A.onm_alarm_grade_cd
               ,D.common_cd_val_name AS onm_alarm_grade_name
               ,A.alarm_notice_group_id
               ,E.alarm_notice_group_name
               ,A.use_yn
               ,A.register_id
               ,G.user_name AS register_name
               ,A.regist_datetime
               ,FORMAT(A.audit_datetime, 'yyyy-MM-dd HH:mm:ss') AS audit_datetime
		  FROM (
		        SELECT  tenant_id
                       ,alarm_notice_cond_seq
                       ,audit_datetime
                       ,onm_resource_category_cd
                       ,onm_alarm_cd
                       ,onm_alarm_grade_cd
                       ,alarm_notice_group_id
                       ,msg_content
                       ,regist_datetime
                       ,register_id
                       ,use_yn
                  FROM  OOM_ALARM_NOTICE_CONDITION WITH(NOLOCK)
                 WHERE  1 = 1
                   <if test='!"".equals(tenantId)'>
                   AND  tenant_id = #{tenantId}
                   </if>
                   <if test='!"".equals(onmResourceCategoryCd)'>
                   AND  onm_resource_category_cd = #{onmResourceCategoryCd}
                   </if>
                   <if test='!"".equals(onmAlarmGradeCd)'>
                   AND  onm_alarm_grade_cd = #{onmAlarmGradeCd}
                   </if>
                   <if test='!"".equals(useYn)'>
                   AND  use_yn = #{useYn}
                   </if>
		       ) A
		       INNER JOIN
		       (
		        SELECT  tenant_id
		               ,tenant_name
		          FROM  OOM_TENANT WITH(NOLOCK)
                 WHERE  delete_yn = 'N'
                   <if test='!"".equals(tenantId)'>
                   AND  tenant_id = #{tenantId}
                   </if>
		       ) B
		       ON (A.tenant_id = B.tenant_id)
		       INNER JOIN
		       (
		        SELECT  onm_resource_category_cd
		               ,onm_resource_category_cd_name
		          FROM  OOM_ONM_RESOURCE WITH(NOLOCK)
                 WHERE  1 = 1
                   <if test='!"".equals(onmResourceCategoryCd)'>
                   AND  onm_resource_category_cd = #{onmResourceCategoryCd}
                   </if>
		       ) C
		       ON (A.onm_resource_category_cd = C.onm_resource_category_cd)
		       INNER JOIN
		       (
		        SELECT  common_cd_val
                       ,common_cd_val_name
		          FROM  OOM_COMMON_CODE_DETAIL WITH(NOLOCK)
                 WHERE  common_cd = 'onm_alarm_grade_cd'
                   AND  effect_start_datetime <![CDATA[ <= ]]> FORMAT(GETDATE(),'yyyyMMddHHmmss')
                   AND  effect_end_datetime <![CDATA[ >= ]]> FORMAT(GETDATE(),'yyyyMMddHHmmss')
                   <if test='!"".equals(onmAlarmGradeCd)'>
                   AND  common_cd_val = #{onmAlarmGradeCd}
                   </if>
		       ) D
		       ON (A.onm_alarm_grade_cd = D.common_cd_val)
		       LEFT OUTER JOIN
		       (
		        SELECT  alarm_notice_group_id
		               ,alarm_notice_group_name
		          FROM  OOM_ALARM_NOTICE_RECEIVE_GROUP WITH(NOLOCK)
                 WHERE  use_yn = 'Y'
		       ) E
		       ON (A.alarm_notice_group_id = E.alarm_notice_group_id)
		       INNER JOIN
		       (
		        SELECT  onm_alarm_cd
		               ,onm_alarm_cd_name
		          FROM  OOM_ONM_ALARM_CODE WITH(NOLOCK)
		       ) F
		       ON (A.onm_alarm_cd = F.onm_alarm_cd)
		       LEFT OUTER JOIN
		       (
		        SELECT  user_id
		               ,user_name
		          FROM  OOM_USER WITH(NOLOCK)
		       ) G
		       ON (A.register_id = G.user_id)
		<if test='"".equals(orderBy)'>
		<include refid="PagingMapper.pagingPostSQL">
		    <property name="orderBy" value="audit_datetime DESC"/>
		</include>
		</if>
		<if test='!"".equals(orderBy)'>
		<include refid="PagingMapper.pagingPostSQL">
		    <property name="orderBy" value="${orderBy}"/>
		</include>
		</if>
	</select>
	
	<select id="readAlarmNoticeDuplicationCheck" parameterType="com.adtcaps.tsop.onm.api.domain.OomAlarmNoticeConditionDto" resultType="com.adtcaps.tsop.onm.api.domain.OomAlarmNoticeConditionDto">
		SELECT  tenant_id
               ,alarm_notice_cond_seq
               ,audit_datetime
               ,audit_id
               ,onm_resource_category_cd
               ,onm_alarm_cd
               ,onm_alarm_grade_cd
               ,onm_fault_category_cd
               ,alarm_notice_group_id
               ,msg_content
               ,regist_datetime
               ,register_id
               ,use_yn
		  FROM  OOM_ALARM_NOTICE_CONDITION WITH(NOLOCK)
         WHERE  tenant_id = #{tenantId}
           AND  onm_alarm_cd = #{onmAlarmCd}
           AND  onm_alarm_grade_cd = #{onmAlarmGradeCd}
           AND  use_yn = 'Y'
           <if test='alarmNoticeCondSeq != null'>
           <if test='alarmNoticeCondSeq > 0'>
           AND  alarm_notice_cond_seq != #{alarmNoticeCondSeq}
           </if>
           </if>
	</select>
	
	<insert id="createOomAlarmNoticeCondition" parameterType="com.adtcaps.tsop.onm.api.domain.OomAlarmNoticeConditionDto">
		INSERT 
		  INTO  OOM_ALARM_NOTICE_CONDITION
		(
		  tenant_id
         ,alarm_notice_cond_seq
         ,audit_datetime
         ,audit_id
         ,onm_resource_category_cd
         ,onm_alarm_cd
         ,onm_alarm_grade_cd
         ,onm_fault_category_cd
         ,alarm_notice_group_id
         ,msg_content
         ,regist_datetime
         ,register_id
         ,use_yn
		)
		VALUES
		(
		  #{tenantId}
         ,NEXT VALUE FOR OOM_ALARM_NOTICE_CONDITION_S1
         ,GETDATE()
         ,#{auditId}
         ,#{onmResourceCategoryCd}
         ,#{onmAlarmCd}
         ,#{onmAlarmGradeCd}
         ,null
         ,#{alarmNoticeGroupId}
         ,#{msgContent}
         ,FORMAT(GETDATE(),'yyyyMMddHHmmss')
         ,#{registerId}
         ,'Y'
		)
	</insert>
	
	<select id="readAlarmNoticeCondition" parameterType="com.adtcaps.tsop.onm.api.domain.OomAlarmNoticeConditionDto" resultType="com.adtcaps.tsop.onm.api.alarm.domain.AlarmNoticeConditionDetailResultDto">
		SELECT  A.tenant_id
               ,A.alarm_notice_cond_seq
               ,A.onm_resource_category_cd
               ,A.onm_alarm_cd
               ,A.onm_alarm_grade_cd
               ,A.alarm_notice_group_id
               ,A.msg_content
               ,A.use_yn
               ,B.user_name AS audit_name
               ,FORMAT(A.audit_datetime, 'yyyy-MM-dd HH:mm:ss') AS audit_datetime
		  FROM (
		        SELECT  tenant_id
                       ,alarm_notice_cond_seq
                       ,audit_datetime
                       ,audit_id
                       ,onm_resource_category_cd
                       ,onm_alarm_cd
                       ,onm_alarm_grade_cd
                       ,alarm_notice_group_id
                       ,msg_content
                       ,regist_datetime
                       ,register_id
                       ,use_yn
                  FROM  OOM_ALARM_NOTICE_CONDITION WITH(NOLOCK)
                 WHERE  tenant_id = #{tenantId}
                   AND  alarm_notice_cond_seq = #{alarmNoticeCondSeq}
		       ) A
		       LEFT OUTER JOIN
		       (
		        SELECT  user_id
		               ,user_name
		          FROM  OOM_USER WITH(NOLOCK)
		       ) B
		       ON (A.audit_id = B.user_id)
	</select>
	
	<update id="updateOomAlarmNoticeCondition" parameterType="com.adtcaps.tsop.onm.api.domain.OomAlarmNoticeConditionDto">
	    UPDATE  OOM_ALARM_NOTICE_CONDITION
	       SET  audit_datetime = GETDATE()
	           ,audit_id = #{auditId}
	           ,onm_resource_category_cd = #{onmResourceCategoryCd}
	           ,onm_alarm_cd = #{onmAlarmCd}
	           ,onm_alarm_grade_cd = #{onmAlarmGradeCd}
	           ,alarm_notice_group_id = #{alarmNoticeGroupId}
	           ,msg_content = #{msgContent}
         WHERE  tenant_id = #{tenantId}
           AND  alarm_notice_cond_seq = #{alarmNoticeCondSeq}
	</update>
	
	<delete id="deleteOomAlarmNoticeCondition" parameterType="com.adtcaps.tsop.onm.api.domain.OomAlarmNoticeConditionDto">
	    UPDATE  OOM_ALARM_NOTICE_CONDITION
	       SET  audit_datetime = GETDATE()
	           ,audit_id = #{auditId}
	           ,use_yn = 'N'
         WHERE  tenant_id = #{tenantId}
           AND  alarm_notice_cond_seq = #{alarmNoticeCondSeq}
	</delete>
	
	<select id="readAlarmNoticeCountForReceiveGroup" parameterType="com.adtcaps.tsop.onm.api.domain.OomAlarmNoticeConditionDto" resultType="java.lang.Integer">
		SELECT  COUNT(*) AS condition_count
		  FROM  OOM_ALARM_NOTICE_CONDITION WITH(NOLOCK)
         WHERE  alarm_notice_group_id = #{alarmNoticeGroupId}
	</select>
	
	<update id="updateAlarmNoticeConditionReuse" parameterType="com.adtcaps.tsop.onm.api.domain.OomAlarmNoticeConditionDto">
	    UPDATE  OOM_ALARM_NOTICE_CONDITION
	       SET  audit_datetime = GETDATE()
	           ,audit_id = #{auditId}
	           ,use_yn = 'Y'
         WHERE  tenant_id = #{tenantId}
           AND  alarm_notice_cond_seq = #{alarmNoticeCondSeq}
	</update>
	
	<!--  =================================== DashBoard =================================== -->
	
</mapper>