<?xml version="1.0" encoding="UTF-8"?>
<!DOCTYPE mapper PUBLIC "-//mybatis.org//DTD Mapper 3.0//EN" "http://mybatis.org/dtd/mybatis-3-mapper.dtd">

<mapper namespace="com.adtcaps.tsop.onm.api.alarm.mapper.OomOnmAlarmCodeMapper">
	
	<select id="listAlarmCodeForCombo" parameterType="com.adtcaps.tsop.onm.api.domain.OomOnmAlarmCodeDto" resultType="com.adtcaps.tsop.onm.api.alarm.domain.AlarmCodeForComboResultDto">
		SELECT  onm_alarm_cd
               ,onm_alarm_cd_name
          FROM  OOM_ONM_ALARM_CODE WITH(NOLOCK)
         WHERE  1 = 1
           <if test='!"".equals(@org.apache.commons.lang3.StringUtils@defaultString(onmAlarmTypeCd))'>
           AND  onm_alarm_type_cd = #{onmAlarmTypeCd}
           </if>
           <if test='!"".equals(@org.apache.commons.lang3.StringUtils@defaultString(onmResourceCategoryCd))'>
           AND  onm_resource_category_cd = #{onmResourceCategoryCd}
           </if>
         ORDER
            BY  onm_alarm_cd ASC
	</select>
	
	<select id="listAlarmCodeForThresholdCombo" parameterType="com.adtcaps.tsop.onm.api.domain.OomOnmAlarmCodeDto" resultType="com.adtcaps.tsop.onm.api.alarm.domain.AlarmCodeForComboResultDto">
		SELECT  onm_alarm_cd
               ,onm_alarm_cd_name
          FROM  OOM_ONM_ALARM_CODE WITH(NOLOCK)
         WHERE  onm_alarm_group_cd = 'M'
           <if test='!"".equals(@org.apache.commons.lang3.StringUtils@defaultString(onmResourceCategoryCd))'>
           AND  onm_resource_category_cd = #{onmResourceCategoryCd}
           </if>
         ORDER
            BY  onm_alarm_cd ASC
	</select>
	
	
	<select id="listAlarmCodeForShortGrid" parameterType="com.adtcaps.tsop.onm.api.helper.domain.BasePageDto" resultType="com.adtcaps.tsop.onm.api.alarm.domain.AlarmCodeForShortGridResultDto">
		SELECT  A.onm_alarm_cd
               ,A.onm_alarm_cd_name
               ,A.onm_alarm_type_cd
               ,B.common_cd_val_name AS onm_alarm_type_name
               ,A.onm_alarm_group_cd
               ,A.onm_resource_category_cd
               ,C.onm_resource_category_cd_name
               ,A.onm_alarm_grade_cd
               ,D.common_cd_val_name AS onm_alarm_grade_name
               ,A.onm_metric_unit
          FROM (
                SELECT  onm_alarm_cd
                       ,audit_datetime
                       ,audit_id
                       ,onm_alarm_cd_name
                       ,onm_alarm_grade_cd
                       ,onm_alarm_type_cd
                       ,onm_alarm_group_cd
                       ,onm_resource_category_cd
                       ,onm_metric_unit
                  FROM  OOM_ONM_ALARM_CODE WITH(NOLOCK)
                 WHERE  1 = 1
                   <if test='!"".equals(searchKeyword)'>
                   AND  UPPER(onm_alarm_cd_name) LIKE CONCAT('%', UPPER(#{searchKeyword}), '%')
                   </if>
               ) A
               INNER JOIN
		       (
		        SELECT  common_cd_val
                       ,common_cd_val_name
		          FROM  OOM_COMMON_CODE_DETAIL WITH(NOLOCK)
                 WHERE  common_cd = 'onm_alarm_type_cd'
                   AND  effect_start_datetime <![CDATA[ <= ]]> FORMAT(GETDATE(),'yyyyMMddHHmmss')
                   AND  effect_end_datetime <![CDATA[ >= ]]> FORMAT(GETDATE(),'yyyyMMddHHmmss')
		       ) B
		       ON (A.onm_alarm_type_cd = B.common_cd_val)
		       INNER JOIN
		       (
		        SELECT  onm_resource_category_cd
		               ,onm_resource_category_cd_name
		          FROM  OOM_ONM_RESOURCE WITH(NOLOCK)
		       ) C
		       ON (A.onm_resource_category_cd = C.onm_resource_category_cd)
		       INNER JOIN
		       (
		        SELECT  common_cd_val
                       ,common_cd_val_name
		          FROM  OOM_COMMON_CODE_DETAIL WITH(NOLOCK)
                 WHERE  common_cd = 'onm_alarm_grade_cd'
                   AND  effect_start_datetime <![CDATA[ <= ]]> FORMAT(GETDATE(),'yyyyMMddHHmmss')
                   AND  effect_end_datetime <![CDATA[ >= ]]> FORMAT(GETDATE(),'yyyyMMddHHmmss')
		       ) D
		       ON (A.onm_alarm_grade_cd = D.common_cd_val)
		 ORDER
		    BY  A.onm_alarm_type_cd ASC
		       ,A.onm_alarm_cd ASC
	</select>
	
	
	<select id="listAlarmCodeForThresholdShortGrid" parameterType="com.adtcaps.tsop.onm.api.helper.domain.BasePageDto" resultType="com.adtcaps.tsop.onm.api.alarm.domain.AlarmCodeForShortGridResultDto">
		SELECT  A.onm_alarm_cd
               ,A.onm_alarm_cd_name
               ,A.onm_alarm_type_cd
               ,B.common_cd_val_name AS onm_alarm_type_name
               ,A.onm_alarm_group_cd
               ,A.onm_resource_category_cd
               ,D.onm_resource_category_cd_name
               ,A.onm_alarm_grade_cd
               ,E.common_cd_val_name AS onm_alarm_grade_name
               ,A.onm_metric_unit
          FROM (
                SELECT  onm_alarm_cd
                       ,audit_datetime
                       ,audit_id
                       ,onm_alarm_cd_name
                       ,onm_alarm_grade_cd
                       ,onm_alarm_type_cd
                       ,onm_alarm_group_cd
                       ,onm_resource_category_cd
                       ,onm_metric_unit
                  FROM  OOM_ONM_ALARM_CODE WITH(NOLOCK)
                 WHERE  onm_alarm_group_cd = 'M'
                   <if test='!"".equals(searchKeyword)'>
                   AND  UPPER(onm_alarm_cd_name) LIKE CONCAT('%', UPPER(#{searchKeyword}), '%')
                   </if>
               ) A
               INNER JOIN
		       (
		        SELECT  common_cd_val
                       ,common_cd_val_name
		          FROM  OOM_COMMON_CODE_DETAIL WITH(NOLOCK)
                 WHERE  common_cd = 'onm_alarm_type_cd'
                   AND  effect_start_datetime <![CDATA[ <= ]]> FORMAT(GETDATE(),'yyyyMMddHHmmss')
                   AND  effect_end_datetime <![CDATA[ >= ]]> FORMAT(GETDATE(),'yyyyMMddHHmmss')
		       ) B
		       ON (A.onm_alarm_type_cd = B.common_cd_val)
		       INNER JOIN
		       (
		        SELECT  tenant_id
                       ,onm_alarm_group_cd
                       ,onm_alarm_cd
		          FROM  OOM_TENANT_RESOURCE_MONITORING_ALARM_CONDITION WITH(NOLOCK)
                 WHERE  tenant_id = #{tenantId}
                   AND  onm_alarm_group_cd = 'M'
		       ) C
		       ON (A.onm_alarm_group_cd = C.onm_alarm_group_cd  AND  
		           A.onm_alarm_cd = C.onm_alarm_cd)
		       INNER JOIN
		       (
		        SELECT  onm_resource_category_cd
		               ,onm_resource_category_cd_name
		          FROM  OOM_ONM_RESOURCE WITH(NOLOCK)
		       ) D
		       ON (A.onm_resource_category_cd = D.onm_resource_category_cd)
		       INNER JOIN
		       (
		        SELECT  common_cd_val
                       ,common_cd_val_name
		          FROM  OOM_COMMON_CODE_DETAIL WITH(NOLOCK)
                 WHERE  common_cd = 'onm_alarm_grade_cd'
                   AND  effect_start_datetime <![CDATA[ <= ]]> FORMAT(GETDATE(),'yyyyMMddHHmmss')
                   AND  effect_end_datetime <![CDATA[ >= ]]> FORMAT(GETDATE(),'yyyyMMddHHmmss')
		       ) E
		       ON (A.onm_alarm_grade_cd = E.common_cd_val)
		 ORDER
		    BY  A.onm_alarm_type_cd ASC
		       ,A.onm_alarm_cd ASC
	</select>
	
</mapper>