<?xml version="1.0" encoding="UTF-8"?>
<!DOCTYPE mapper PUBLIC "-//mybatis.org//DTD Mapper 3.0//EN" "http://mybatis.org/dtd/mybatis-3-mapper.dtd">

<mapper namespace="com.adtcaps.tsop.onm.api.alarm.mapper.OomOnmAlarmEventMapper">
	
	<select id="listPageAlarmEvent" parameterType="com.adtcaps.tsop.onm.api.alarm.domain.AlarmEventGridRequestDto" resultType="com.adtcaps.tsop.onm.api.alarm.domain.AlarmEventGridResultDto">
		<include refid="PagingMapper.pagingPreSQL"/>
		SELECT  A.tenant_id
               ,B.tenant_name
               ,D.onm_resource_category_cd_name
               ,C.onm_resource_name
               ,F.common_cd_val_name AS onm_alarm_type_name
               ,A.onm_alarm_content
               ,G.common_cd_val_name AS onm_alarm_grade_name
               ,A.onm_alarm_cd
               ,E.onm_alarm_cd_name
               ,A.onm_alarm_event_id
               ,A.event_datetime
               ,A.alarm_release_datetime
               ,A.audit_datetime
		  FROM (
		        SELECT  onm_alarm_event_id
                       ,event_datetime
                       ,audit_datetime
                       ,audit_id
                       ,tenant_id
                       ,onm_alarm_type_cd
                       ,onm_resource_id
                       ,onm_alarm_content
                       ,onm_alarm_cd
                       ,alarm_release_datetime
                       ,onm_alarm_grade_cd
                       ,onm_alarm_mask_val
                       ,onm_alarm_ack_yn
                       ,onm_alarm_ack_id
                       ,onm_alarm_ack_datetime
                  FROM  OOM_ONM_ALARM_EVENT WITH(NOLOCK)
                 WHERE  event_datetime BETWEEN #{fromDate} AND #{toDate}
                   <if test='!"".equals(tenantId)'>
                   AND  tenant_id = #{tenantId}
                   </if>
                   <if test='!"".equals(onmAlarmGradeCd)'>
                   AND  onm_alarm_grade_cd = #{onmAlarmGradeCd}
                   </if>
		       ) A
		       INNER JOIN
		       (
		        SELECT  tenant_id
		               ,tenant_name
		          FROM  OOM_TENANT WITH(NOLOCK)
                 WHERE  delete_yn = 'N'
                   <if test='!"".equals(tenantId)'>
                   AND  tenant_id = #{tenantId}
                   </if>
		       ) B
		       ON (A.tenant_id = B.tenant_id)
		       INNER JOIN
		       (
		        SELECT  tenant_id
		               ,onm_resource_id
		               ,onm_resource_category_cd
		               ,onm_resource_name
		          FROM  OOM_TENANT_RESOURCE_DETAIL WITH(NOLOCK)
                 WHERE  1 = 1
                   <if test='!"".equals(tenantId)'>
                   AND  tenant_id = #{tenantId}
                   </if>
                   <if test='!"".equals(onmResourceCategoryCd)'>
                   AND  onm_resource_category_cd = #{onmResourceCategoryCd}
                   </if>
                   <if test='!"".equals(searchKeyword)'>
                   AND UPPER(onm_resource_name) LIKE CONCAT('%', UPPER(#{searchKeyword}), '%')
                   </if>
		       ) C
		       ON (A.tenant_id = C.tenant_id  AND  A.onm_resource_id = C.onm_resource_id)
		       INNER JOIN
		       (
		        SELECT  onm_resource_category_cd
		               ,onm_resource_category_cd_name
		          FROM  OOM_ONM_RESOURCE WITH(NOLOCK)
                 WHERE  1 = 1
                   <if test='!"".equals(onmResourceCategoryCd)'>
                   AND  onm_resource_category_cd = #{onmResourceCategoryCd}
                   </if>
		       ) D
		       ON (C.onm_resource_category_cd = D.onm_resource_category_cd)
		       INNER JOIN
		       (
		        SELECT  onm_alarm_cd
		               ,onm_alarm_type_cd
		               ,onm_alarm_cd_name
		          FROM  OOM_ONM_ALARM_CODE WITH(NOLOCK)
                 WHERE  1 = 1
                   <if test='!"".equals(onmAlarmTypeCd)'>
                   AND  onm_alarm_type_cd = #{onmAlarmTypeCd}
                   </if>
		       ) E
		       ON (A.onm_alarm_cd = E.onm_alarm_cd)
		       INNER JOIN
		       (
		        SELECT  common_cd_val
                       ,common_cd_val_name
		          FROM  OOM_COMMON_CODE_DETAIL WITH(NOLOCK)
                 WHERE  common_cd = 'onm_alarm_type_cd'
                   AND  effect_start_datetime <![CDATA[ <= ]]> FORMAT(GETDATE(),'yyyyMMddHHmmss')
                   AND  effect_end_datetime <![CDATA[ >= ]]> FORMAT(GETDATE(),'yyyyMMddHHmmss')
                   <if test='!"".equals(onmAlarmTypeCd)'>
                   AND  common_cd_val = #{onmAlarmTypeCd}
                   </if>
		       ) F
		       ON (E.onm_alarm_type_cd = F.common_cd_val)
		       INNER JOIN
		       (
		        SELECT  common_cd_val
                       ,common_cd_val_name
		          FROM  OOM_COMMON_CODE_DETAIL WITH(NOLOCK)
                 WHERE  common_cd = 'onm_alarm_grade_cd'
                   AND  effect_start_datetime <![CDATA[ <= ]]> FORMAT(GETDATE(),'yyyyMMddHHmmss')
                   AND  effect_end_datetime <![CDATA[ >= ]]> FORMAT(GETDATE(),'yyyyMMddHHmmss')
                   <if test='!"".equals(onmAlarmGradeCd)'>
                   AND  common_cd_val = #{onmAlarmGradeCd}
                   </if>
		       ) G
		       ON (A.onm_alarm_grade_cd = G.common_cd_val)
		<if test='"".equals(orderBy)'>
		<include refid="PagingMapper.pagingPostSQL">
		    <property name="orderBy" value="event_datetime DESC"/>
		</include>
		</if>
		<if test='!"".equals(orderBy)'>
		<include refid="PagingMapper.pagingPostSQL">
		    <property name="orderBy" value="${orderBy}"/>
		</include>
		</if>
	</select>
	
	<select id="readAlarmForFault" parameterType="com.adtcaps.tsop.onm.api.domain.OomFaultDto" resultType="com.adtcaps.tsop.onm.api.fault.domain.FaultDetailResultDto">
		SELECT  A.onm_alarm_event_id
               ,A.event_datetime
               ,A.tenant_id
               ,B.onm_resource_category_cd
               ,B.onm_resource_name
               ,C.onm_alarm_type_cd
               ,A.onm_alarm_cd
               ,A.onm_alarm_grade_cd
		  FROM (
		        SELECT  onm_alarm_event_id
                       ,event_datetime
                       ,tenant_id
                       ,onm_resource_id
                       ,onm_alarm_cd
                       ,onm_alarm_grade_cd
                  FROM  OOM_ONM_ALARM_EVENT WITH(NOLOCK)
                 WHERE  onm_alarm_event_id = #{onmAlarmEventId}
                   AND  event_datetime = #{eventDatetime}
		       ) A
		       INNER JOIN
		       (
		        SELECT  tenant_id
		               ,onm_resource_id
		               ,onm_resource_category_cd
		               ,onm_resource_name
		          FROM  OOM_TENANT_RESOURCE_DETAIL WITH(NOLOCK)
		       ) B
		       ON (A.tenant_id = B.tenant_id  AND  A.onm_resource_id = B.onm_resource_id)
		       INNER JOIN
		       (
		        SELECT  onm_alarm_cd
		               ,onm_alarm_type_cd
		          FROM  OOM_ONM_ALARM_CODE WITH(NOLOCK)
		       ) C
		       ON (A.onm_alarm_cd = C.onm_alarm_cd)
	</select>
	
	<select id="readAlarmForFaultSmsMessage" parameterType="com.adtcaps.tsop.onm.api.domain.OomFaultDto" resultType="com.adtcaps.tsop.onm.api.fault.domain.FaultDetailResultDto">
		SELECT  A.onm_alarm_event_id
               ,A.event_datetime
               ,A.tenant_id
               ,D.tenant_name
               ,B.onm_resource_category_cd
               ,B.onm_resource_name
               ,C.onm_alarm_type_cd
               ,F.common_cd_val_name AS onm_alarm_type_name
               ,A.onm_alarm_grade_cd
               ,G.common_cd_val_name AS onm_alarm_grade_name
               ,A.onm_alarm_cd
               ,E.onm_alarm_cd_name
		  FROM (
		        SELECT  onm_alarm_event_id
                       ,event_datetime
                       ,tenant_id
                       ,onm_resource_id
                       ,onm_alarm_cd
                       ,onm_alarm_grade_cd
                  FROM  OOM_ONM_ALARM_EVENT WITH(NOLOCK)
                 WHERE  onm_alarm_event_id = #{onmAlarmEventId}
                   AND  event_datetime = #{eventDatetime}
		       ) A
		       INNER JOIN
		       (
		        SELECT  tenant_id
		               ,onm_resource_id
		               ,onm_resource_category_cd
		               ,onm_resource_name
		          FROM  OOM_TENANT_RESOURCE_DETAIL WITH(NOLOCK)
		       ) B
		       ON (A.tenant_id = B.tenant_id  AND  A.onm_resource_id = B.onm_resource_id)
		       INNER JOIN
		       (
		        SELECT  onm_alarm_cd
		               ,onm_alarm_type_cd
		          FROM  OOM_ONM_ALARM_CODE WITH(NOLOCK)
		       ) C
		       ON (A.onm_alarm_cd = C.onm_alarm_cd)
		       INNER JOIN
		       (
		        SELECT  tenant_id
		               ,tenant_name
		          FROM  OOM_TENANT WITH(NOLOCK)
		       ) D
		       ON (A.tenant_id = D.tenant_id)
		       INNER JOIN
		       (
		        SELECT  onm_alarm_cd
		               ,onm_alarm_cd_name
		               ,onm_alarm_type_cd
		          FROM  OOM_ONM_ALARM_CODE WITH(NOLOCK)
		       ) E
		       ON (A.onm_alarm_cd = E.onm_alarm_cd)
		       INNER JOIN
		       (
		        SELECT  common_cd_val
                       ,common_cd_val_name
		          FROM  OOM_COMMON_CODE_DETAIL WITH(NOLOCK)
                 WHERE  common_cd = 'onm_alarm_type_cd'
                   AND  effect_start_datetime <![CDATA[ <= ]]> FORMAT(GETDATE(),'yyyyMMddHHmmss')
                   AND  effect_end_datetime <![CDATA[ >= ]]> FORMAT(GETDATE(),'yyyyMMddHHmmss')
		       ) F
		       ON (E.onm_alarm_type_cd = F.common_cd_val)
		       INNER JOIN
		       (
		        SELECT  common_cd_val
                       ,common_cd_val_name
		          FROM  OOM_COMMON_CODE_DETAIL WITH(NOLOCK)
                 WHERE  common_cd = 'onm_alarm_grade_cd'
                   AND  effect_start_datetime <![CDATA[ <= ]]> FORMAT(GETDATE(),'yyyyMMddHHmmss')
                   AND  effect_end_datetime <![CDATA[ >= ]]> FORMAT(GETDATE(),'yyyyMMddHHmmss')
		       ) G
		       ON (A.onm_alarm_grade_cd = G.common_cd_val)
	</select>
	
	
	
	
	
	
	
	<!-- ↓↓↓↓↓ Dashboard Alarm Graph & Grid ↓↓↓↓↓--> 
	
	<select id="listDashboardAlarmGraph" parameterType="com.adtcaps.tsop.onm.api.dashboard.domain.DashboardRequestDto" resultType="com.adtcaps.tsop.onm.api.dashboard.domain.DashboardAlarmGraphResultDto">
		SELECT
			A.onm_alarm_grade_cd_name ,
			ISNULL(B.cnt,	0) AS pre_cnt ,
			ISNULL(D.cnt,	0) AS cur_sum_cnt ,
			ISNULL(C.cnt,	0) AS cur_cnt
		FROM
			(
				SELECT
					common_cd_val AS onm_alarm_grade_cd , common_cd_val_name AS onm_alarm_grade_cd_name
				FROM
					OOM_COMMON_CODE_DETAIL WITH(NOLOCK)
				WHERE
					common_cd = 'onm_alarm_grade_cd'
				UNION ALL
				SELECT
					'OK' AS onm_alarm_grade_cd , 'OK' AS onm_alarm_grade_cd_name 
			) A
		LEFT JOIN 
			(
				SELECT
					'OK' AS onm_alarm_grade_cd , 
					'OK' AS onm_alarm_grade_cd_name , 
					COUNT(*) AS cnt
				FROM
					(
						SELECT
							A.onm_resource_id , 
							B.onm_resource_id as chk
						FROM
							(
								SELECT
									onm_resource_id
									,tenant_id
								FROM
									OOM_TENANT_RESOURCE_DETAIL WITH(NOLOCK)
								WHERE
									1 = 1
									AND azure_resource_id > ' ' 
									AND azure_resource_id IS NOT NULL
							) A INNER JOIN 
							(
						        SELECT  tenant_id
						               ,tenant_name
				  	            FROM  OOM_TENANT WITH(NOLOCK)
				                WHERE  delete_yn = 'N'					
							) C ON (A.tenant_id = C.tenant_id)	LEFT JOIN 
							(
								SELECT
									onm_resource_id
								FROM
									OOM_ONM_ALARM_EVENT WITH(NOLOCK)
								WHERE
									1 = 1
									AND event_datetime LIKE CONCAT(FORMAT(DATEADD(DAY,-1, GETDATE()), 'yyyyMMdd'), '%')
								GROUP BY
									onm_resource_id 
							) B ON (A.onm_resource_id = B.onm_resource_id) 
					) A
				WHERE
					chk IS NULL
			UNION ALL
				SELECT
					A.onm_alarm_grade_cd , B.common_cd_val_name AS onm_alarm_grade_cd_name , A.cnt
				FROM
					(
						SELECT
							onm_alarm_grade_cd , COUNT(*) AS cnt
						FROM
							OOM_ONM_ALARM_EVENT A WITH(NOLOCK) INNER JOIN
							(
								SELECT onm_resource_id
								FROM OOM_TENANT_RESOURCE_DETAIL A WITH(NOLOCK) INNER JOIN
								( 
							        SELECT  tenant_id
							               ,tenant_name
					  	            FROM  OOM_TENANT WITH(NOLOCK)
					                WHERE  delete_yn = 'N'							
								) B ON (A.tenant_id = B.tenant_id)
							) B ON (A.onm_resource_id = B.onm_resource_id)
						WHERE 1 = 1
						AND event_datetime LIKE CONCAT(FORMAT(DATEADD(DAY,-1, GETDATE()), 'yyyyMMdd'), '%')
						GROUP BY
							onm_alarm_grade_cd 
					) A INNER JOIN 
					(
						SELECT
							common_cd_val , common_cd_val_name
						FROM
							OOM_COMMON_CODE_DETAIL WITH(NOLOCK)
						WHERE
							common_cd = 'onm_alarm_grade_cd' 
					) B ON (A.onm_alarm_grade_cd = B.common_cd_val) 
			) B ON (A.onm_alarm_grade_cd = B.onm_alarm_grade_cd)
		LEFT JOIN 
			(
				SELECT
					'OK' AS onm_alarm_grade_cd , 'OK' AS onm_alarm_grade_cd_name , COUNT(*) AS cnt
				FROM
					(
					SELECT
						A.onm_resource_id , B.onm_resource_id as chk
					FROM
						(
							SELECT
								onm_resource_id
								, tenant_id
							FROM
								OOM_TENANT_RESOURCE_DETAIL WITH(NOLOCK)
							WHERE 1 = 1
							AND azure_resource_id > ' ' 
							AND azure_resource_id IS NOT NULL
						) A INNER JOIN 
						(
						        SELECT  tenant_id
						               ,tenant_name
				  	            FROM  OOM_TENANT WITH(NOLOCK)
				                WHERE  delete_yn = 'N'					
						) C ON (A.tenant_id = C.tenant_id)	LEFT JOIN 
						(
							SELECT
								onm_resource_id
							FROM
								OOM_ONM_ALARM_EVENT WITH(NOLOCK)
							WHERE 1 = 1
							AND alarm_release_datetime IS NULL
							OR alarm_release_datetime = ''
							GROUP BY
								onm_resource_id 
						) B ON (A.onm_resource_id = B.onm_resource_id) 
					) A
				WHERE
					chk IS NULL
			UNION ALL
				SELECT
					A.onm_alarm_grade_cd , B.common_cd_val_name , A.cnt
				FROM
					(
						SELECT
							onm_alarm_grade_cd , COUNT(*) AS cnt
						FROM
							OOM_ONM_ALARM_EVENT A WITH(NOLOCK) INNER JOIN
							(
								SELECT onm_resource_id
								FROM OOM_TENANT_RESOURCE_DETAIL A WITH(NOLOCK) INNER JOIN
								( 
							        SELECT  tenant_id
							               ,tenant_name
					  	            FROM  OOM_TENANT WITH(NOLOCK)
					                WHERE  delete_yn = 'N'							
								) B ON (A.tenant_id = B.tenant_id)
							) B ON (A.onm_resource_id = B.onm_resource_id)
						WHERE 1 = 1
						AND alarm_release_datetime IS NULL
						OR alarm_release_datetime = ''
						GROUP BY
							onm_alarm_grade_cd 					
					) A INNER JOIN 
					(
						SELECT
							common_cd_val , common_cd_val_name
						FROM
							OOM_COMMON_CODE_DETAIL WITH(NOLOCK)
						WHERE
							common_cd = 'onm_alarm_grade_cd' 
					) B ON (A.onm_alarm_grade_cd = B.common_cd_val) 
			) C ON (A.onm_alarm_grade_cd = C.onm_alarm_grade_cd) LEFT JOIN 
			( 
				SELECT
					'OK' AS onm_alarm_grade_cd , 
					'OK' AS onm_alarm_grade_cd_name , 
					COUNT(*) AS cnt
				FROM
					(
						SELECT
							A.onm_resource_id , 
							B.onm_resource_id as chk
						FROM
							(
								SELECT
									onm_resource_id
									,tenant_id
								FROM
									OOM_TENANT_RESOURCE_DETAIL WITH(NOLOCK)
								WHERE
									1 = 1
									AND azure_resource_id > ' ' 
									AND azure_resource_id IS NOT NULL
							) A INNER JOIN 
							(
						        SELECT  tenant_id
						               ,tenant_name
				  	            FROM  OOM_TENANT WITH(NOLOCK)
				                WHERE  delete_yn = 'N'					
							) C ON (A.tenant_id = C.tenant_id)	LEFT JOIN 
							(
								SELECT
									onm_resource_id
								FROM
									OOM_ONM_ALARM_EVENT WITH(NOLOCK)
								WHERE
									1 = 1
									AND event_datetime LIKE CONCAT(FORMAT(GETDATE(), 'yyyyMMdd'), '%')			
								GROUP BY
									onm_resource_id 
							) B ON (A.onm_resource_id = B.onm_resource_id) 
					) A
				WHERE
					chk IS NULL
			UNION ALL			
				SELECT
					A.onm_alarm_grade_cd , B.common_cd_val_name , A.cnt
				FROM
					(
						SELECT 
								onm_alarm_grade_cd,
								SUM(cnt) AS cnt
						FROM 
							(
								SELECT
									onm_alarm_grade_cd , COUNT(*) AS cnt
								FROM
									OOM_ONM_ALARM_EVENT A WITH(NOLOCK) INNER JOIN
									(
										SELECT onm_resource_id
										FROM OOM_TENANT_RESOURCE_DETAIL A WITH(NOLOCK) INNER JOIN
										( 
									        SELECT  tenant_id
									               ,tenant_name
							  	            FROM  OOM_TENANT WITH(NOLOCK)
							                WHERE  delete_yn = 'N'							
										) B ON (A.tenant_id = B.tenant_id)
									) B ON (A.onm_resource_id = B.onm_resource_id)
								WHERE 1 = 1
								AND alarm_release_datetime IS NULL
								OR alarm_release_datetime = ''
								GROUP BY onm_alarm_grade_cd 
							UNION ALL  
								SELECT
									onm_alarm_grade_cd , COUNT(*) AS cnt
								FROM
									OOM_ONM_ALARM_EVENT A WITH(NOLOCK) INNER JOIN
									(
										SELECT onm_resource_id
										FROM OOM_TENANT_RESOURCE_DETAIL A WITH(NOLOCK) INNER JOIN
										( 
									        SELECT  tenant_id
									               ,tenant_name
							  	            FROM  OOM_TENANT WITH(NOLOCK)
							                WHERE  delete_yn = 'N'							
										) B ON (A.tenant_id = B.tenant_id)
									) B ON (A.onm_resource_id = B.onm_resource_id)
								WHERE 1 = 1
								AND alarm_release_datetime IS NOT NULL 
								AND event_datetime LIKE CONCAT(FORMAT(GETDATE(), 'yyyyMMdd'), '%')
								GROUP BY onm_alarm_grade_cd 	
							) A
						GROUP BY onm_alarm_grade_cd	
					) A INNER JOIN 
					(
						SELECT
							common_cd_val , common_cd_val_name
						FROM
							OOM_COMMON_CODE_DETAIL WITH(NOLOCK)
						WHERE
							common_cd = 'onm_alarm_grade_cd' 
					) B ON (A.onm_alarm_grade_cd = B.common_cd_val) 				
			) D ON (A.onm_alarm_grade_cd = D.onm_alarm_grade_cd)
	</select>	
	
	<select id="listDashboardAlarmGrid" parameterType="com.adtcaps.tsop.onm.api.dashboard.domain.DashboardRequestDto" resultType="com.adtcaps.tsop.onm.api.dashboard.domain.DashboardAlarmGridResultDto">
		SELECT
			A.onm_alarm_grade_cd
			, A.event_datetime
			, A.tenant_id 
			, B.tenant_name
			, C.onm_resource_id 
			, C.onm_resource_abbr_name 
			, A.onm_alarm_cd 
			, D.common_cd_val AS onm_alarm_type_cd
			, D.common_cd_val_name AS onm_alarm_type_cd_name
			, A.onm_alarm_event_id 
			, E.onm_alarm_mask_yn 
			, ISNULL(A.onm_alarm_ack_yn, 'N') AS onm_alarm_ack_yn
		FROM
			OOM_ONM_ALARM_EVENT A INNER JOIN
			OOM_TENANT B ON (A.tenant_id = B.tenant_id) INNER JOIN 
			OOM_TENANT_RESOURCE_DETAIL C ON (A.onm_resource_id = C.onm_resource_id) INNER JOIN 
			(
				SELECT
					common_cd_val
					,common_cd_val_name
				FROM
					OOM_COMMON_CODE_DETAIL
				WHERE common_cd = 'onm_alarm_type_cd'	
			) D ON (A.onm_alarm_type_cd = D.common_cd_val) INNER JOIN 
			(
				SELECT tenant_id, onm_resource_id, onm_alarm_cd, onm_alarm_mask_yn
				  FROM OOM_ONM_ALARM_CURRENT_STATUS 
				 WHERE onm_alarm_mask_yn = 'N'
			) E ON (A.tenant_id = E.tenant_id AND A.onm_resource_id = E.onm_resource_id AND A.onm_alarm_cd = E.onm_alarm_cd)
		WHERE 1 = 1
		  AND A.alarm_release_datetime IS NULL OR A.alarm_release_datetime = ''
	   ORDER BY event_datetime DESC		   
	</select>	
	
	<update id="updateOomAlarmEventAckYn" parameterType="com.adtcaps.tsop.onm.api.dashboard.domain.DashboardRequestDto">
		UPDATE OOM_ONM_ALARM_EVENT
		   SET onm_alarm_ack_yn = #{onmAlarmAckYn}
		       , onm_alarm_ack_datetime = FORMAT(GETDATE(),'yyyyMMddHHmmss')
		       , onm_alarm_ack_id = #{onmAlarmAckId}  
		 WHERE 1 = 1
		   AND tenant_id = #{tenantId}
		   AND onm_alarm_event_id = #{onmAlarmEventId}
	</update>
	
	<update id="updateOomAlarmMaskYn" parameterType="com.adtcaps.tsop.onm.api.dashboard.domain.DashboardRequestDto">
		UPDATE OOM_ONM_ALARM_CURRENT_STATUS
		   SET onm_alarm_mask_yn = #{onmAlarmMaskYn}
		       , audit_datetime = GETDATE()
		       , audit_id = #{auditId}
		 WHERE 1 = 1
		   AND tenant_id = #{tenantId}
		   AND onm_resource_id = #{onmResourceId}
		   AND onm_alarm_cd = #{onmAlarmCd}
	</update>
	
</mapper>