<?xml version="1.0" encoding="UTF-8"?>
<!DOCTYPE mapper PUBLIC "-//mybatis.org//DTD Mapper 3.0//EN" "http://mybatis.org/dtd/mybatis-3-mapper.dtd">

<mapper namespace="com.adtcaps.tsop.onm.api.alarm.mapper.OomOnmAlarmCurrentStatusMapper">
	
	<select id="listPageAlarmCurrentStatus" parameterType="com.adtcaps.tsop.onm.api.alarm.domain.AlarmCurrentStatusGridRequestDto" resultType="com.adtcaps.tsop.onm.api.alarm.domain.AlarmCurrentStatusGridResultDto">
		<include refid="PagingMapper.pagingPreSQL"/>
		SELECT  A.tenant_id
               ,A.onm_resource_id
               ,A.onm_alarm_cd
               ,B.tenant_name
               ,E.common_cd_val_name AS onm_alarm_type_name
               ,D.onm_alarm_cd_name
               ,C.onm_resource_name
               ,A.onm_alarm_mask_yn
               ,A.audit_datetime
		  FROM (
		        SELECT  tenant_id
                       ,onm_resource_id
                       ,onm_alarm_cd
                       ,audit_datetime
                       ,audit_id
                       ,event_datetime
                       ,onm_alarm_grade_cd
                       ,onm_alarm_mask_yn
                  FROM  OOM_ONM_ALARM_CURRENT_STATUS WITH(NOLOCK)
                 WHERE  onm_alarm_mask_yn = 'Y'
                   <if test='!"".equals(tenantId)'>
                   AND  tenant_id = #{tenantId}
                   </if>
                   <if test='!"".equals(onmAlarmCd)'>
                   AND  onm_alarm_cd = #{onmAlarmCd}
                   </if>
		       ) A
		       INNER JOIN
		       (
		        SELECT  tenant_id
		               ,tenant_name
		          FROM  OOM_TENANT WITH(NOLOCK)
                 WHERE  delete_yn = 'N'
                   <if test='!"".equals(tenantId)'>
                   AND  tenant_id = #{tenantId}
                   </if>
		       ) B
		       ON (A.tenant_id = B.tenant_id)
		       INNER JOIN
		       (
		        SELECT  tenant_id
                       ,onm_resource_id
		               ,onm_resource_name
		          FROM  OOM_TENANT_RESOURCE_DETAIL WITH(NOLOCK)
		       ) C
		       ON (A.tenant_id = C.tenant_id  AND  
		           A.onm_resource_id = C.onm_resource_id)
		       INNER JOIN
		       (
		        SELECT  onm_alarm_cd
		               ,onm_alarm_cd_name
		               ,onm_alarm_type_cd
		          FROM  OOM_ONM_ALARM_CODE WITH(NOLOCK)
                 WHERE  1 = 1
                   <if test='!"".equals(onmAlarmCd)'>
                   AND  onm_alarm_cd = #{onmAlarmCd}
                   </if>
		       ) D
		       ON (A.onm_alarm_cd = D.onm_alarm_cd)
		       INNER JOIN
		       (
		        SELECT  common_cd_val
                       ,common_cd_val_name
		          FROM  OOM_COMMON_CODE_DETAIL WITH(NOLOCK)
                 WHERE  common_cd = 'onm_alarm_type_cd'
                   AND  effect_start_datetime <![CDATA[ <= ]]> FORMAT(GETDATE(),'yyyyMMddHHmmss')
                   AND  effect_end_datetime <![CDATA[ >= ]]> FORMAT(GETDATE(),'yyyyMMddHHmmss')
		       ) E
		       ON (D.onm_alarm_type_cd = E.common_cd_val)
		<if test='"".equals(orderBy)'>
		<include refid="PagingMapper.pagingPostSQL">
		    <property name="orderBy" value="audit_datetime DESC"/>
		</include>
		</if>
		<if test='!"".equals(orderBy)'>
		<include refid="PagingMapper.pagingPostSQL">
		    <property name="orderBy" value="${orderBy}"/>
		</include>
		</if>
	</select>
	
	<select id="readAlarmCurrentStatus" parameterType="com.adtcaps.tsop.onm.api.domain.OomOnmAlarmCurrentStatusDto" resultType="com.adtcaps.tsop.onm.api.alarm.domain.AlarmCurrentStatusDetailResultDto">
		SELECT  ROW_NUMBER() OVER(ORDER BY A.audit_datetime DESC) AS row_num
               ,A.tenant_id
               ,A.onm_resource_id
               ,A.onm_alarm_cd
               ,B.tenant_name
               ,E.common_cd_val_name AS onm_alarm_type_name
               ,D.onm_alarm_cd_name
               ,C.onm_resource_name
               ,A.onm_alarm_mask_yn
               ,A.audit_datetime
		  FROM (
		        SELECT  tenant_id
                       ,onm_resource_id
                       ,onm_alarm_cd
                       ,audit_datetime
                       ,audit_id
                       ,event_datetime
                       ,onm_alarm_grade_cd
                       ,onm_alarm_mask_yn
                  FROM  OOM_ONM_ALARM_CURRENT_STATUS WITH(NOLOCK)
                 WHERE  onm_alarm_mask_yn = 'Y'
                   AND  tenant_id = #{tenantId}
                   AND  onm_resource_id = #{onmResourceId}
                   AND  onm_alarm_cd = #{onmAlarmCd}
		       ) A
		       INNER JOIN
		       (
		        SELECT  tenant_id
		               ,tenant_name
		          FROM  OOM_TENANT WITH(NOLOCK)
                 WHERE  delete_yn = 'N'
		       ) B
		       ON (A.tenant_id = B.tenant_id)
		       INNER JOIN
		       (
		        SELECT  tenant_id
                       ,onm_resource_id
		               ,onm_resource_name
		          FROM  OOM_TENANT_RESOURCE_DETAIL WITH(NOLOCK)
		       ) C
		       ON (A.tenant_id = C.tenant_id  AND  
		           A.onm_resource_id = C.onm_resource_id)
		       INNER JOIN
		       (
		        SELECT  onm_alarm_cd
		               ,onm_alarm_cd_name
		               ,onm_alarm_type_cd
		          FROM  OOM_ONM_ALARM_CODE WITH(NOLOCK)
		       ) D
		       ON (A.onm_alarm_cd = D.onm_alarm_cd)
		       INNER JOIN
		       (
		        SELECT  common_cd_val
                       ,common_cd_val_name
		          FROM  OOM_COMMON_CODE_DETAIL WITH(NOLOCK)
                 WHERE  common_cd = 'onm_alarm_type_cd'
                   AND  effect_start_datetime <![CDATA[ <= ]]> FORMAT(GETDATE(),'yyyyMMddHHmmss')
                   AND  effect_end_datetime <![CDATA[ >= ]]> FORMAT(GETDATE(),'yyyyMMddHHmmss')
		       ) E
		       ON (D.onm_alarm_type_cd = E.common_cd_val)
	</select>
	
	<update id="updateOomOnmAlarmCurrentStatus" parameterType="com.adtcaps.tsop.onm.api.domain.OomOnmAlarmCurrentStatusDto">
	    UPDATE  OOM_ONM_ALARM_CURRENT_STATUS
	       SET  audit_datetime = GETDATE()
	           ,audit_id = #{auditId}
	           ,onm_alarm_mask_yn = #{onmAlarmMaskYn}
         WHERE  tenant_id = #{tenantId}
           AND  onm_resource_id = #{onmResourceId}
           AND  onm_alarm_cd = #{onmAlarmCd}
	</update>
	
	
	<!--  =================================== DashBoard =================================== -->
	
	<select id="listDashboardTenantAlarm" parameterType="com.adtcaps.tsop.onm.api.dashboard.domain.DashboardRequestDto" resultType="com.adtcaps.tsop.onm.api.dashboard.domain.DashboardAlarmCountResultDto">
		SELECT 
			 A.total_cnt
			 , B.alarm_cnt
			 , (A.total_cnt - B.alarm_cnt) AS normal_cnt
		  FROM
		  (
		  	SELECT 
		  	     COUNT(*) AS total_cnt
		  	  FROM OOM_TENANT
		  	 WHERE delete_yn = 'N'
		  ) A CROSS JOIN
		  (
		  	SELECT
		         COUNT(*) AS alarm_cnt
			  FROM
			  (
			  	SELECT
			  	     tenant_id
			  	  FROM OOM_ONM_ALARM_CURRENT_STATUS
			  	 WHERE 1 = 1
			  	   AND ISNULL(onm_alarm_grade_cd, '0') != '0'
			  	GROUP BY tenant_id	
			  ) A
		  )	B 
	</select>
	
	<select id="listDashboardResourceAlarm" parameterType="com.adtcaps.tsop.onm.api.dashboard.domain.DashboardRequestDto" resultType="com.adtcaps.tsop.onm.api.dashboard.domain.DashboardAlarmCountResultDto">
		SELECT
		     A.total_cnt
		     , B.alarm_cnt
		     , (A.total_cnt - B.alarm_cnt) AS normal_cnt
		  FROM
		  (
		   SELECT
		   COUNT(*) AS total_cnt
		   FROM
		   (
		    SELECT
		     tenant_id
		     , onm_resource_id
		    FROM OOM_TENANT_RESOURCE_DETAIL WITH(NOLOCK)
		   WHERE 1 = 1
		   AND azure_resource_id > '' AND azure_resource_id IS NOT NULL
		  GROUP BY tenant_id, onm_resource_id
		   ) A
		   INNER JOIN 
		   (
		    SELECT  tenant_id 
		      FROM  OOM_TENANT WITH(NOLOCK)
		     WHERE  delete_yn = 'N'
		   ) B
		   ON (A.tenant_id = B.tenant_id)
		  ) A CROSS JOIN (
		   SELECT
		   COUNT(*) AS alarm_cnt
		   FROM
		   (
		    SELECT
		    onm_resource_id
		      FROM OOM_ONM_ALARM_EVENT WITH(NOLOCK)
		     WHERE 1 = 1
		       AND alarm_release_datetime IS NULL
		        OR alarm_release_datetime = ''
		  GROUP BY onm_resource_id
		   ) A
		  ) B
	</select>
	
	<select id="listDashboardBuildingAlarm" parameterType="com.adtcaps.tsop.onm.api.dashboard.domain.DashboardRequestDto" resultType="com.adtcaps.tsop.onm.api.dashboard.domain.DashboardAlarmCountResultDto">
		SELECT 
		     A.total_cnt
			 , B.alarm_cnt
			 , (A.total_cnt - B.alarm_cnt) AS normal_cnt
		FROM (
			SELECT COUNT(*) AS total_cnt
			FROM (
				SELECT A.bld_id
				FROM (
					SELECT bld_id
					FROM OOM_BUILDING
					WHERE use_yn = 'Y'
					) A
				INNER JOIN (
					SELECT bld_id
					FROM OOM_BUILDING_SERVICE
					WHERE use_yn = 'Y'
					) B ON (A.bld_id = B.bld_id)
				GROUP BY A.bld_id
				) A
			) A
		CROSS JOIN (
			SELECT COUNT(*) AS alarm_cnt
			FROM (
				SELECT B.bld_id
				FROM (
					SELECT  
			  	  	     CASE
			  	  	     	WHEN topology_category_cd = 'CON' AND onm_resource_abbr_name = '엘리베이터' THEN 'EL'
			  	  	     	WHEN topology_category_cd = 'CON' AND onm_resource_abbr_name = 'HVAC'		THEN 'FM'
			  	  	     	WHEN topology_category_cd = 'CON' AND onm_resource_abbr_name = '주차관제' 	THEN 'PA'
			  	  	     	WHEN topology_category_cd = 'CON' AND onm_resource_abbr_name = '출입통제' 	THEN 'AC'
			  	  	     	WHEN topology_category_cd = 'CON' AND onm_resource_abbr_name = 'CCTV' 		THEN 'CC'
			  	  	     	ELSE 'AL'
						 END AS service_cl_cd
						 , B.tenant_id
					FROM (
						SELECT onm_resource_id
						FROM OOM_ONM_ALARM_EVENT
						WHERE alarm_release_datetime IS NULL
						GROUP BY onm_resource_id
						) A
					INNER JOIN OOM_TENANT_RESOURCE_DETAIL B ON (A.onm_resource_id = B.onm_resource_id)
					) A
				INNER JOIN (
					SELECT
					     A.tenant_id
						 , A.bld_id
						 , B.service_cl_cd
					FROM (
						SELECT 
						     tenant_id
							 , bld_id
						FROM OOM_BUILDING
						WHERE use_yn = 'Y'
						) A
					INNER JOIN (
						SELECT 
						     bld_id
							 , service_cl_cd
						FROM OOM_BUILDING_SERVICE
						WHERE use_yn = 'Y'
						) B ON (A.bld_id = B.bld_id)
					UNION ALL
					SELECT tenant_id
						,bld_id
						,'AL' AS service_cl_cd
					FROM OOM_BUILDING
					WHERE use_yn = 'Y'
					) B ON (A.tenant_id = B.tenant_id AND A.service_cl_cd = B.service_cl_cd)
				GROUP BY B.bld_id
				) A
			) B
	</select>
	
	
	<select id="listDashboardServiceAlarm" parameterType="com.adtcaps.tsop.onm.api.dashboard.domain.DashboardRequestDto" resultType="com.adtcaps.tsop.onm.api.dashboard.domain.DashboardAlarmCountResultDto">
		SELECT 
			A.total_cnt ,
			B.alarm_cnt ,
			(A.total_cnt - B.alarm_cnt) AS normal_cnt
		FROM 
			(
			    SELECT
					COUNT(*) AS total_cnt
				FROM
					(
						SELECT
							A.tenant_id , B.service_cl_cd
						FROM
							(
							SELECT
								bld_id , tenant_id
							FROM
								OOM_BUILDING
							WHERE
								1 = 1
								AND use_yn = 'Y' ) A
						INNER JOIN (
							SELECT
								bld_id , service_cl_cd
							FROM
								OOM_BUILDING_SERVICE
							WHERE
								use_yn = 'Y' ) B ON
							(A.bld_id = B.bld_id)
						GROUP BY
							A.tenant_id, B.service_cl_cd 
					) A 
				) A CROSS JOIN 
				(
					SELECT COUNT(*) AS alarm_cnt
					FROM OOM_ONM_ALARM_EVENT 
					WHERE onm_alarm_type_cd = 'HC'
					AND   onm_alarm_cd LIKE 'EMS-H-%'
					AND   alarm_release_datetime IS NULL
				) B
	</select>
	
</mapper>