<?xml version="1.0" encoding="UTF-8"?>
<!DOCTYPE mapper PUBLIC "-//mybatis.org//DTD Mapper 3.0//EN" "http://mybatis.org/dtd/mybatis-3-mapper.dtd">

<mapper namespace="com.adtcaps.tsop.onm.api.support.mapper.OomTechSupportRequestMapper">
	
	<select id="listPageTechSupportRequest" parameterType="com.adtcaps.tsop.onm.api.support.domain.TechSupportRequestGridRequestDto" resultType="com.adtcaps.tsop.onm.api.support.domain.TechSupportRequestGridResultDto">
		<include refid="PagingMapper.pagingPreSQL"/>
		SELECT  A.tenant_id
               ,D.tenant_name
               ,A.tech_support_req_id
               ,A.tech_support_req_type_cd
               ,B.common_cd_val_name AS tech_support_req_type_name
               ,A.req_title_name
               ,A.attach_file_num
               ,A.tech_support_status_cd
               ,C.common_cd_val_name AS tech_support_status_name
               ,A.reqer_name
               ,A.regist_datetime
               ,FORMAT(A.audit_datetime, 'yyyy-MM-dd HH:mm:ss') AS audit_datetime
		  FROM (
		        SELECT  tenant_id
                       ,tech_support_req_id
                       ,audit_datetime
                       ,bld_id
                       ,reqer_name
                       ,tech_support_req_type_cd
                       ,regist_datetime
                       ,req_title_name
                       ,req_content
                       ,tech_support_status_cd
                       ,attach_file_num
                  FROM  OOM_TECH_SUPPORT_REQUEST WITH(NOLOCK)
                 WHERE  regist_datetime BETWEEN #{fromDate} AND #{toDate}
                   AND  tech_support_req_type_cd NOT IN ('11', '13')
                   <if test='!"".equals(tenantId)'>
                   AND  tenant_id = #{tenantId}
                   </if>
                   <if test='!"".equals(techSupportReqTypeCd)'>
                   AND  tech_support_req_type_cd = #{techSupportReqTypeCd}
                   </if>
                   <if test='!"".equals(techSupportStatusCd)'>
                   AND  tech_support_status_cd = #{techSupportStatusCd}
                   </if>
                   <if test='!"".equals(searchKeyword)'>
                   AND UPPER(req_title_name) LIKE CONCAT('%', UPPER(#{searchKeyword}), '%')
                   </if>
                   <if test='!"".equals(reqerNameSearchKeyword)'>
                   AND UPPER(reqer_name) LIKE CONCAT('%', UPPER(#{reqerNameSearchKeyword}), '%')
                   </if>
		       ) A
		       INNER JOIN
		       (
		        SELECT  common_cd_val
                       ,common_cd_val_name
		          FROM  OOM_COMMON_CODE_DETAIL WITH(NOLOCK)
                 WHERE  common_cd = 'tech_support_req_type_cd'
                   AND  effect_start_datetime <![CDATA[ <= ]]> FORMAT(GETDATE(),'yyyyMMddHHmmss')
                   AND  effect_end_datetime <![CDATA[ >= ]]> FORMAT(GETDATE(),'yyyyMMddHHmmss')
                   <if test='!"".equals(techSupportReqTypeCd)'>
                   AND  common_cd_val = #{techSupportReqTypeCd}
                   </if>
		       ) B
		       ON (A.tech_support_req_type_cd = B.common_cd_val)
		       INNER JOIN
		       (
		        SELECT  common_cd_val
                       ,common_cd_val_name
		          FROM  OOM_COMMON_CODE_DETAIL WITH(NOLOCK)
                 WHERE  common_cd = 'tech_support_status_cd'
                   AND  effect_start_datetime <![CDATA[ <= ]]> FORMAT(GETDATE(),'yyyyMMddHHmmss')
                   AND  effect_end_datetime <![CDATA[ >= ]]> FORMAT(GETDATE(),'yyyyMMddHHmmss')
                   <if test='!"".equals(techSupportStatusCd)'>
                   AND  common_cd_val = #{techSupportStatusCd}
                   </if>
		       ) C
		       ON (A.tech_support_status_cd = C.common_cd_val)
		       INNER JOIN
		       (
		        SELECT  tenant_id
		               ,tenant_name
		          FROM  OOM_TENANT WITH(NOLOCK)
                 WHERE  delete_yn = 'N'
		       ) D
		       ON (A.tenant_id = D.tenant_id)
		<if test='"".equals(orderBy)'>
		<include refid="PagingMapper.pagingPostSQL">
		    <property name="orderBy" value="audit_datetime DESC"/>
		</include>
		</if>
		<if test='!"".equals(orderBy)'>
		<include refid="PagingMapper.pagingPostSQL">
		    <property name="orderBy" value="${orderBy}"/>
		</include>
		</if>
	</select>
	
	<insert id="createOomTechSupportRequest" parameterType="com.adtcaps.tsop.onm.api.domain.OomTechSupportRequestDto">
		INSERT 
		  INTO  OOM_TECH_SUPPORT_REQUEST
		(
		  tenant_id
         ,tech_support_req_id
         ,audit_datetime
         ,audit_id
         ,bld_id
         ,reqer_name
         ,tech_support_req_type_cd
         ,regist_datetime
         ,req_title_name
         ,req_content
         ,tech_support_status_cd
         ,work_mgmt_apply_yn
         ,change_approval_yn
         ,attach_file_num
		)
		VALUES
		(
		  #{tenantId}
		 ,#{techSupportReqId}
         ,GETDATE()
         ,'SYSTEM'
         ,#{bldId}
         ,#{reqerName}
         ,#{techSupportReqTypeCd}
         ,FORMAT(GETDATE(),'yyyyMMddHHmmss')
         ,#{reqTitleName}
         ,#{reqContent}
         ,#{techSupportStatusCd}
         ,#{workMgmtApplyYn}
         ,'Y'
         ,#{attachFileNum}
		)
	</insert>
	
	<select id="readOomTechSupportRequest" parameterType="com.adtcaps.tsop.onm.api.domain.OomTechSupportRequestDto" resultType="com.adtcaps.tsop.onm.api.support.domain.TechSupportResultDetailResultDto">
		SELECT  A.tenant_id
               ,D.tenant_name
               ,A.tech_support_req_id
               ,A.reqer_name
               ,A.tech_support_req_type_cd
               ,B.common_cd_val_name AS tech_support_req_type_name
               ,A.req_title_name
               ,A.req_content
               ,A.tech_support_status_cd
               ,C.common_cd_val_name AS tech_support_status_name
               ,A.attach_file_num
               ,E.attach_file_name
		  FROM (
		        SELECT  tenant_id
                       ,tech_support_req_id
                       ,audit_datetime
                       ,bld_id
                       ,reqer_name
                       ,tech_support_req_type_cd
                       ,regist_datetime
                       ,req_title_name
                       ,req_content
                       ,tech_support_status_cd
                       ,attach_file_num
                  FROM  OOM_TECH_SUPPORT_REQUEST WITH(NOLOCK)
                 WHERE  tenant_id = #{tenantId}
                   AND  tech_support_req_id = #{techSupportReqId}
		       ) A
		       INNER JOIN
		       (
		        SELECT  common_cd_val
                       ,common_cd_val_name
		          FROM  OOM_COMMON_CODE_DETAIL WITH(NOLOCK)
                 WHERE  common_cd = 'tech_support_req_type_cd'
                   AND  effect_start_datetime <![CDATA[ <= ]]> FORMAT(GETDATE(),'yyyyMMddHHmmss')
                   AND  effect_end_datetime <![CDATA[ >= ]]> FORMAT(GETDATE(),'yyyyMMddHHmmss')
		       ) B
		       ON (A.tech_support_req_type_cd = B.common_cd_val)
		       INNER JOIN
		       (
		        SELECT  common_cd_val
                       ,common_cd_val_name
		          FROM  OOM_COMMON_CODE_DETAIL WITH(NOLOCK)
                 WHERE  common_cd = 'tech_support_status_cd'
                   AND  effect_start_datetime <![CDATA[ <= ]]> FORMAT(GETDATE(),'yyyyMMddHHmmss')
                   AND  effect_end_datetime <![CDATA[ >= ]]> FORMAT(GETDATE(),'yyyyMMddHHmmss')
		       ) C
		       ON (A.tech_support_status_cd = C.common_cd_val)
		       INNER JOIN
		       (
		        SELECT  tenant_id
		               ,tenant_name
		          FROM  OOM_TENANT WITH(NOLOCK)
                 WHERE  delete_yn = 'N'
		       ) D
		       ON (A.tenant_id = D.tenant_id)
		       LEFT OUTER JOIN
		       (
		        SELECT  attach_file_num
		               ,attach_file_name
		          FROM  OOM_ATTACH_FILE WITH(NOLOCK)
		       ) E
		       ON (A.attach_file_num = E.attach_file_num)
	</select>
	
	<update id="updateTechSupportStatus" parameterType="com.adtcaps.tsop.onm.api.domain.OomTechSupportRequestDto">
	    UPDATE  OOM_TECH_SUPPORT_REQUEST
	       SET  audit_datetime = GETDATE()
	           ,audit_id = #{auditId}
	           ,tech_support_status_cd = #{techSupportStatusCd}
         WHERE  tenant_id = #{tenantId}
           AND  tech_support_req_id = #{techSupportReqId}
	</update>
	
</mapper>