<?xml version="1.0" encoding="UTF-8"?>
<!DOCTYPE mapper PUBLIC "-//mybatis.org//DTD Mapper 3.0//EN" "http://mybatis.org/dtd/mybatis-3-mapper.dtd">

<mapper namespace="com.adtcaps.tsop.onm.api.support.mapper.OomTechSupportActionMapper">
	
	<select id="listTechSupportAction" parameterType="com.adtcaps.tsop.onm.api.domain.OomTechSupportActionDto" resultType="com.adtcaps.tsop.onm.api.support.domain.TechSupportActionGridResultDto">
		SELECT  A.tenant_id
               ,A.tech_support_req_id
               ,A.tech_support_action_datetime
               ,A.tech_support_charger_name
               ,A.tech_support_action_content
               ,A.attach_file_num
               ,B.attach_file_name
               ,A.audit_id
		  FROM (
		        SELECT  tenant_id
                       ,tech_support_req_id
                       ,tech_support_action_datetime
                       ,audit_datetime
                       ,audit_id
                       ,tech_support_charger_name
                       ,tech_support_action_content
                       ,attach_file_num
                  FROM  OOM_TECH_SUPPORT_ACTION WITH(NOLOCK)
                 WHERE  tenant_id = #{tenantId}
                   AND  tech_support_req_id = #{techSupportReqId}
		       ) A
		       LEFT OUTER JOIN
		       (
		        SELECT  attach_file_num
                       ,attach_file_name
		          FROM  OOM_ATTACH_FILE WITH(NOLOCK)
		       ) B
		       ON (A.attach_file_num = B.attach_file_num)
		 ORDER
		    BY  A.tech_support_action_datetime ASC
	</select>
	
	<insert id="createOomTechSupportAction" parameterType="com.adtcaps.tsop.onm.api.domain.OomTechSupportActionDto">
		INSERT 
		  INTO  OOM_TECH_SUPPORT_ACTION
		(
		  tenant_id
         ,tech_support_req_id
         ,tech_support_action_datetime
         ,audit_datetime
         ,audit_id
         ,tech_support_charger_name
         ,tech_support_action_content
         ,attach_file_num
		)
		VALUES
		(
		  #{tenantId}
         ,#{techSupportReqId}
         ,FORMAT(GETDATE(), 'yyyyMMddHHmmss')
         ,GETDATE()
         ,#{auditId}
         ,#{techSupportChargerName}
         ,#{techSupportActionContent}
         ,#{attachFileNum}
		)
	</insert>
	
	<update id="updateTechSupportActionAttachFileNum" parameterType="com.adtcaps.tsop.onm.api.domain.OomTechSupportActionDto">
	    UPDATE  OOM_TECH_SUPPORT_ACTION
	       SET  attach_file_num = #{attachFileNum}
         WHERE  tenant_id = #{tenantId}
           AND  tech_support_req_id = #{techSupportReqId}
           AND  tech_support_action_datetime = #{techSupportActionDatetime}
	</update>
	
	<delete id="deleteOomTechSupportAction" parameterType="com.adtcaps.tsop.onm.api.domain.OomTechSupportActionDto">
	    DELETE  
	      FROM  OOM_TECH_SUPPORT_ACTION
         WHERE  tenant_id = #{tenantId}
           AND  tech_support_req_id = #{techSupportReqId}
           AND  tech_support_action_datetime = #{techSupportActionDatetime}
	</delete>
	
</mapper>