<?xml version="1.0" encoding="UTF-8"?>
<!DOCTYPE mapper PUBLIC "-//mybatis.org//DTD Mapper 3.0//EN" "http://mybatis.org/dtd/mybatis-3-mapper.dtd">

<mapper namespace="com.adtcaps.tsop.onm.api.support.mapper.OomTechSupportRequestBuildingMapper">
	
	<insert id="createOomTechSupportRequestAddBuilding" parameterType="com.adtcaps.tsop.onm.api.domain.OomTechSupportRequestBuildingDto">
		INSERT 
		  INTO  OOM_TECH_SUPPORT_REQUEST_BUILDING
		(
          tenant_id
         ,tech_support_req_id
         ,audit_datetime
         ,audit_id
         ,bld_name
         ,lotnum_addr
         ,streetname_addr
         ,ldong_cd
         <if test='latitudeVal != null'>
         ,latitude_val
         </if>
         <if test='longitudeVal != null'>
         ,longitude_val
         </if>
         <if test='bldTotalfloorareaSize != null'>
         ,bld_totalfloorarea_size
         </if>
         <if test='condAreaSize != null'>
         ,cond_area_size
         </if>
         <if test='prksiteAreaSize != null'>
         ,prksite_area_size
         </if>
         ,ground_floor
         ,underground_floor
         ,complet_date
         ,use_yn
		)
		VALUES
		(
		  #{tenantId}
         ,#{techSupportReqId}
         ,GETDATE()
         ,'SYSTEM'
         ,#{bldName}
         ,#{lotnumAddr}
         ,#{streetnameAddr}
         ,#{ldongCd}
         <if test='latitudeVal != null'>
         ,#{latitudeVal}
         </if>
         <if test='longitudeVal != null'>
         ,#{longitudeVal}
         </if>
         <if test='bldTotalfloorareaSize != null'>
         ,#{bldTotalfloorareaSize}
         </if>
         <if test='condAreaSize != null'>
         ,#{condAreaSize}
         </if>
         <if test='prksiteAreaSize != null'>
         ,#{prksiteAreaSize}
         </if>
         ,#{groundFloor}
         ,#{undergroundFloor}
         ,#{completDate}
         ,#{useYn}
		)
	</insert>
	
	<insert id="createOomTechSupportRequestModifyBuilding" parameterType="com.adtcaps.tsop.onm.api.domain.OomTechSupportRequestBuildingDto">
		INSERT 
		  INTO  OOM_TECH_SUPPORT_REQUEST_BUILDING
		(
		  tenant_id
         ,tech_support_req_id
         ,audit_datetime
         ,audit_id
         ,bld_id
         ,bld_name
         ,lotnum_addr
         ,streetname_addr
         ,ldong_cd
         <if test='latitudeVal != null'>
         ,latitude_val
         </if>
         <if test='longitudeVal != null'>
         ,longitude_val
         </if>
         <if test='bldTotalfloorareaSize != null'>
         ,bld_totalfloorarea_size
         </if>
         <if test='condAreaSize != null'>
         ,cond_area_size
         </if>
         <if test='prksiteAreaSize != null'>
         ,prksite_area_size
         </if>
         ,ground_floor
         ,underground_floor
         ,complet_date
         ,bld_type_cd
         ,bld_type_cd_name
         ,use_yn
		)
		VALUES
		(
		  #{tenantId}
         ,#{techSupportReqId}
         ,GETDATE()
         ,'SYSTEM'
         ,#{bldId}
         ,#{bldName}
         ,#{lotnumAddr}
         ,#{streetnameAddr}
         ,#{ldongCd}
         <if test='latitudeVal != null'>
         ,#{latitudeVal}
         </if>
         <if test='longitudeVal != null'>
         ,#{longitudeVal}
         </if>
         <if test='bldTotalfloorareaSize != null'>
         ,#{bldTotalfloorareaSize}
         </if>
         <if test='condAreaSize != null'>
         ,#{condAreaSize}
         </if>
         <if test='prksiteAreaSize != null'>
         ,#{prksiteAreaSize}
         </if>
         ,#{groundFloor}
         ,#{undergroundFloor}
         ,#{completDate}
         ,#{bldTypeCd}
         ,#{bldTypeCdName}
         ,#{useYn}
		)
	</insert>
	
	<select id="readOomTechSupportRequestBuilding" parameterType="com.adtcaps.tsop.onm.api.domain.OomTechSupportRequestBuildingDto" resultType="com.adtcaps.tsop.onm.api.domain.OomTechSupportRequestBuildingDto">
		SELECT  A.tenant_id
               ,A.tech_support_req_id
               ,A.bld_id
               ,A.bld_name
               ,A.lotnum_addr
               ,A.streetname_addr
               ,A.ldong_cd
               ,A.latitude_val
               ,A.longitude_val
               ,A.bld_totalfloorarea_size
               ,A.cond_area_size
               ,A.prksite_area_size
               ,A.ground_floor
               ,A.underground_floor
               ,A.complet_date
               ,A.bld_type_cd
               ,A.bld_type_cd_name
               ,A.use_yn
		  FROM (
		        SELECT  tenant_id
                       ,tech_support_req_id
                       ,audit_datetime
                       ,audit_id
                       ,bld_id
                       ,bld_name
                       ,lotnum_addr
                       ,streetname_addr
                       ,ldong_cd
                       ,latitude_val
                       ,longitude_val
                       ,bld_totalfloorarea_size
                       ,cond_area_size
                       ,prksite_area_size
                       ,ground_floor
                       ,underground_floor
                       ,complet_date
                       ,weather_forecast_x_codn_val
                       ,weather_forecast_y_codn_val
                       ,bld_type_cd
                       ,bld_type_cd_name
                       ,use_yn
                  FROM  OOM_TECH_SUPPORT_REQUEST_BUILDING WITH(NOLOCK)
                 WHERE  tenant_id = #{tenantId}
                   AND  tech_support_req_id = #{techSupportReqId}
		       ) A
	</select>
	
</mapper>