<?xml version="1.0" encoding="UTF-8"?>
<!DOCTYPE mapper PUBLIC "-//mybatis.org//DTD Mapper 3.0//EN" "http://mybatis.org/dtd/mybatis-3-mapper.dtd">

<mapper namespace="com.adtcaps.tsop.onm.api.address.mapper.OomStreetnameAddressMapper">
	
	<select id="listCtPvcNameForCombo" resultType="com.adtcaps.tsop.onm.api.address.domain.CtPvcNameForComboResultDto">
		SELECT  ct_pvc_name
		  FROM  OOM_STREETNAME_ADDRESS WITH(NOLOCK)
		 GROUP
		    BY  ct_pvc_name
		 ORDER
		    BY  ct_pvc_name ASC
	</select>
	
	<select id="listCtGunGuNameForCombo" parameterType="com.adtcaps.tsop.onm.api.address.domain.CtPvcNameForComboResultDto" resultType="com.adtcaps.tsop.onm.api.address.domain.CtPvcNameForComboResultDto">
		SELECT  ct_gun_gu_name AS ct_pvc_name
		  FROM  OOM_STREETNAME_ADDRESS WITH(NOLOCK)
		 WHERE  ct_pvc_name = #{ctPvcName}
		 GROUP
		    BY  ct_gun_gu_name
		 ORDER
		    BY  ct_gun_gu_name ASC
	</select>
	
	<select id="listPageStreetnameAddress" parameterType="com.adtcaps.tsop.onm.api.address.domain.StreetnameAddressGridRequestDto" resultType="com.adtcaps.tsop.onm.api.address.domain.StreetnameAddressGridResultDto">
		<include refid="PagingMapper.pagingPreSQL"/>
		SELECT  A.ct_pvc_name AS street_ct_pvc_name
               ,A.ct_gun_gu_name AS street_ct_gun_gu_name
               ,A.upmyundong_name AS street_upmyundong_name
               ,A.streetname_addr AS streetname_addr
               ,A.bld_mlotnum
               ,A.bld_name
               ,A.zipcode
               ,A.ldong_cd
               ,A.x_codn_val
               ,A.y_codn_val
               ,A.weather_forecast_x_codn_val
               ,A.weather_forecast_y_codn_val
               ,A.latitude_val
               ,A.longitude_val
               ,B.ct_pvc_name AS lot_ct_pvc_name
               ,B.ct_gun_gu_name AS lot_ct_gun_gu_name
               ,B.upmyundong_name AS lot_upmyundong_name
               ,B.ri_name AS ri_name
		  FROM (
		        SELECT  ldong_cd
                       ,zipcode
                       ,ct_pvc_name
                       ,ct_gun_gu_name
                       ,upmyundong_name
                       ,streetname_addr
                       ,bld_mlotnum
                       ,bld_name
                       ,x_codn_val
                       ,y_codn_val
                       ,weather_forecast_x_codn_val
                       ,weather_forecast_y_codn_val
                       ,latitude_val
                       ,longitude_val
                  FROM  OOM_STREETNAME_ADDRESS WITH(NOLOCK)
                 WHERE  1 = 1
                   AND  ct_pvc_name = #{ctPvcName}
                   <if test='!"".equals(ctGunGuName)'>
                   AND  ct_gun_gu_name = #{ctGunGuName}
                   </if>
                   <if test='!@org.springframework.util.CollectionUtils@isEmpty(searchKeywordList)'>
                   AND  (
                        <foreach collection="searchKeywordList" item="searchKeyword" index="index" open="" separator="" close="">
                        <if test='index > 0'>
                        AND 
                        </if>
		                    (upmyundong_name LIKE CONCAT('%', #{searchKeyword}, '%')
                          OR streetname_addr LIKE CONCAT('%', #{searchKeyword}, '%')
                          OR bld_name LIKE CONCAT('%', #{searchKeyword}, '%')
                          OR CONVERT(VARCHAR, bld_mlotnum) LIKE CONCAT('%', #{searchKeyword}, '%')
                            )
		                </foreach>
		                )
                   </if>
		       ) A
		       LEFT OUTER JOIN
		       (
		        SELECT  ldong_cd
                       ,ct_pvc_name
                       ,ct_gun_gu_name
                       ,upmyundong_name
                       ,ri_name
                  FROM  OOM_LDONG WITH(NOLOCK)
		       ) B
		       ON (A.ldong_cd = B.ldong_cd)
		<if test='"".equals(orderBy)'>
		<include refid="PagingMapper.pagingPostSQL">
		    <property name="orderBy" value="street_ct_pvc_name ASC, street_ct_gun_gu_name ASC, street_upmyundong_name ASC, streetname_addr ASC, bld_mlotnum ASC, bld_name ASC"/>
		</include>
		</if>
		<if test='!"".equals(orderBy)'>
		<include refid="PagingMapper.pagingPostSQL">
		    <property name="orderBy" value="${orderBy}"/>
		</include>
		</if>
	</select>
	
</mapper>