<?xml version="1.0" encoding="UTF-8"?>
<!DOCTYPE mapper PUBLIC "-//mybatis.org//DTD Mapper 3.0//EN" "http://mybatis.org/dtd/mybatis-3-mapper.dtd">

<mapper namespace="com.adtcaps.tsop.onm.api.resource.mapper.OomTenantResourceMonitoringAlarmConditionMapper">
	
	<select id="listPageTenantResourceMonitoringAlarmCondition" parameterType="com.adtcaps.tsop.onm.api.resource.domain.ResourceMonitoringAlarmGridRequestDto" resultType="com.adtcaps.tsop.onm.api.resource.domain.ResourceMonitoringAlarmGridResultDto">
		<include refid="PagingMapper.pagingPreSQL"/>
		SELECT  A.tenant_id
               ,A.onm_alarm_group_cd
               ,A.onm_alarm_cd
               ,B.tenant_name
               ,C.onm_resource_category_cd
               ,D.onm_resource_category_cd_name
               ,C.onm_alarm_cd_name
               ,A.onm_alarm_grade_cd
               <if test='"".equals(onmAlarmGradeCd)'>
               ,(CASE WHEN A.onm_alarm_group_cd = 'M' THEN '임계치' ELSE E.common_cd_val_name END) AS onm_alarm_grade_name
               </if>
               <if test='!"".equals(onmAlarmGradeCd)'>
               <if test='"99".equals(onmAlarmGradeCd)'>
               ,'임계치' AS onm_alarm_grade_name
               </if>
               <if test='!"99".equals(onmAlarmGradeCd)'>
               ,E.common_cd_val_name AS onm_alarm_grade_name
               </if>
               </if>
               ,A.onm_alarm_type_cd
               ,A.register_id
               ,F.user_name AS register_name
               ,A.regist_datetime
               ,FORMAT(A.audit_datetime, 'yyyy-MM-dd HH:mm:ss') AS audit_datetime
		  FROM (
		        SELECT  tenant_id
                       ,onm_alarm_group_cd
                       ,onm_alarm_cd
                       ,audit_datetime
                       ,audit_id
                       ,onm_alarm_grade_cd
                       ,regist_datetime
                       ,register_id
                       ,onm_alarm_type_cd
                  FROM  OOM_TENANT_RESOURCE_MONITORING_ALARM_CONDITION WITH(NOLOCK)
                 WHERE  1 = 1
                   <if test='!"".equals(tenantId)'>
                   AND  tenant_id = #{tenantId}
                   </if>
                   <if test='!"".equals(onmAlarmCd)'>
                   AND  onm_alarm_cd = #{onmAlarmCd}
                   </if>
                   <if test='!"".equals(onmAlarmGradeCd)'>
                   <if test='"99".equals(onmAlarmGradeCd)'>
                   AND  onm_alarm_group_cd = 'M'
                   </if>
                   </if>
		       ) A
		       INNER JOIN
		       (
		        SELECT  tenant_id
		               ,tenant_name
		          FROM  OOM_TENANT WITH(NOLOCK)
                 WHERE  delete_yn = 'N'
                   <if test='!"".equals(tenantId)'>
                   AND  tenant_id = #{tenantId}
                   </if>
		       ) B
		       ON (A.tenant_id = B.tenant_id)
		       INNER JOIN
		       (
		        SELECT  onm_alarm_cd
		               ,onm_alarm_cd_name
		               ,onm_resource_category_cd
		          FROM  OOM_ONM_ALARM_CODE WITH(NOLOCK)
                 WHERE  1 = 1
                   <if test='!"".equals(onmAlarmCd)'>
                   AND  onm_alarm_cd = #{onmAlarmCd}
                   </if>
                   <if test='!"".equals(onmResourceCategoryCd)'>
                   AND  onm_resource_category_cd = #{onmResourceCategoryCd}
                   </if>
		       ) C
		       ON (A.onm_alarm_cd = C.onm_alarm_cd)
		       INNER JOIN
		       (
		        SELECT  onm_resource_category_cd
		               ,onm_resource_category_cd_name
		          FROM  OOM_ONM_RESOURCE WITH(NOLOCK)
                 WHERE  1 = 1
                   <if test='!"".equals(onmResourceCategoryCd)'>
                   AND  onm_resource_category_cd = #{onmResourceCategoryCd}
                   </if>
		       ) D
		       ON (C.onm_resource_category_cd = D.onm_resource_category_cd)
		       <if test='"".equals(onmAlarmGradeCd)'>
		       INNER JOIN
		       (
		        SELECT  common_cd_val
                       ,common_cd_val_name
		          FROM  OOM_COMMON_CODE_DETAIL WITH(NOLOCK)
                 WHERE  common_cd = 'onm_alarm_grade_cd'
                   AND  effect_start_datetime <![CDATA[ <= ]]> FORMAT(GETDATE(),'yyyyMMddHHmmss')
                   AND  effect_end_datetime <![CDATA[ >= ]]> FORMAT(GETDATE(),'yyyyMMddHHmmss')
                   <if test='!"".equals(onmAlarmGradeCd)'>
                   AND  common_cd_val = #{onmAlarmGradeCd}
                   </if>
		       ) E
		       ON (A.onm_alarm_grade_cd = E.common_cd_val)
		       </if>
		       <if test='!"".equals(onmAlarmGradeCd)'>
               <if test='!"99".equals(onmAlarmGradeCd)'>
               INNER JOIN
		       (
		        SELECT  common_cd_val
                       ,common_cd_val_name
		          FROM  OOM_COMMON_CODE_DETAIL WITH(NOLOCK)
                 WHERE  common_cd = 'onm_alarm_grade_cd'
                   AND  effect_start_datetime <![CDATA[ <= ]]> FORMAT(GETDATE(),'yyyyMMddHHmmss')
                   AND  effect_end_datetime <![CDATA[ >= ]]> FORMAT(GETDATE(),'yyyyMMddHHmmss')
                   <if test='!"".equals(onmAlarmGradeCd)'>
                   AND  common_cd_val = #{onmAlarmGradeCd}
                   </if>
		       ) E
		       ON (A.onm_alarm_grade_cd = E.common_cd_val)
               </if>
               </if>
		       LEFT OUTER JOIN
		       (
		        SELECT  user_id
		               ,user_name
		          FROM  OOM_USER WITH(NOLOCK)
		       ) F
		       ON (A.register_id = F.user_id)
		<if test='"".equals(orderBy)'>
		<include refid="PagingMapper.pagingPostSQL">
		    <property name="orderBy" value="audit_datetime DESC"/>
		</include>
		</if>
		<if test='!"".equals(orderBy)'>
		<include refid="PagingMapper.pagingPostSQL">
		    <property name="orderBy" value="${orderBy}"/>
		</include>
		</if>
	</select>
	
	<insert id="createOomTenantResourceMonitoringAlarmCondition" parameterType="com.adtcaps.tsop.onm.api.domain.OomTenantResourceMonitoringAlarmConditionDto">
		INSERT 
		  INTO  OOM_TENANT_RESOURCE_MONITORING_ALARM_CONDITION
		(
		  tenant_id
         ,onm_alarm_group_cd
         ,onm_alarm_cd
         ,audit_datetime
         ,audit_id
         ,onm_alarm_grade_cd
         ,regist_datetime
         ,register_id
         ,onm_alarm_type_cd
		)
		VALUES
		(
		  #{tenantId}
         ,#{onmAlarmGroupCd}
         ,#{onmAlarmCd}
         ,GETDATE()
         ,#{auditId}
         ,#{onmAlarmGradeCd}
         ,FORMAT(GETDATE(), 'yyyyMMddHHmmss')
         ,#{registerId}
         ,#{onmAlarmTypeCd}
		)
	</insert>
	
	<select id="readOomTenantResourceMonitoringAlarmCondition" parameterType="com.adtcaps.tsop.onm.api.domain.OomTenantResourceMonitoringAlarmConditionDto" resultType="com.adtcaps.tsop.onm.api.resource.domain.ResourceMonitoringAlarmDetailResultDto">
		SELECT  A.tenant_id
               ,A.onm_alarm_group_cd
               ,A.onm_alarm_cd
               ,B.tenant_name
               ,C.onm_resource_category_cd
               ,D.onm_resource_category_cd_name
               ,C.onm_alarm_cd_name
               ,A.onm_alarm_type_cd
               ,E.common_cd_val_name AS onm_alarm_type_name
               ,A.onm_alarm_grade_cd
               ,F.common_cd_val_name AS onm_alarm_grade_name
               ,A.register_id
               ,G.user_name AS register_name
               ,A.regist_datetime
               ,A.audit_datetime
		  FROM (
		        SELECT  tenant_id
                       ,onm_alarm_group_cd
                       ,onm_alarm_cd
                       ,audit_datetime
                       ,audit_id
                       ,onm_alarm_grade_cd
                       ,regist_datetime
                       ,register_id
                       ,onm_alarm_type_cd
                  FROM  OOM_TENANT_RESOURCE_MONITORING_ALARM_CONDITION WITH(NOLOCK)
                 WHERE  tenant_id = #{tenantId}
                   AND  onm_alarm_group_cd = #{onmAlarmGroupCd}
                   AND  onm_alarm_cd = #{onmAlarmCd}
		       ) A
		       INNER JOIN
		       (
		        SELECT  tenant_id
		               ,tenant_name
		          FROM  OOM_TENANT WITH(NOLOCK)
		       ) B
		       ON (A.tenant_id = B.tenant_id)
		       INNER JOIN
		       (
		        SELECT  onm_alarm_cd
		               ,onm_alarm_cd_name
		               ,onm_resource_category_cd
		          FROM  OOM_ONM_ALARM_CODE WITH(NOLOCK)
		       ) C
		       ON (A.onm_alarm_cd = C.onm_alarm_cd)
		       INNER JOIN
		       (
		        SELECT  onm_resource_category_cd
		               ,onm_resource_category_cd_name
		          FROM  OOM_ONM_RESOURCE WITH(NOLOCK)
		       ) D
		       ON (C.onm_resource_category_cd = D.onm_resource_category_cd)
		       LEFT OUTER JOIN
		       (
		        SELECT  common_cd_val
                       ,common_cd_val_name
		          FROM  OOM_COMMON_CODE_DETAIL WITH(NOLOCK)
                 WHERE  common_cd = 'onm_alarm_type_cd'
                   AND  effect_start_datetime <![CDATA[ <= ]]> FORMAT(GETDATE(),'yyyyMMddHHmmss')
                   AND  effect_end_datetime <![CDATA[ >= ]]> FORMAT(GETDATE(),'yyyyMMddHHmmss')
		       ) E
		       ON (A.onm_alarm_type_cd = E.common_cd_val)
		       LEFT OUTER JOIN
		       (
		        SELECT  common_cd_val
                       ,common_cd_val_name
		          FROM  OOM_COMMON_CODE_DETAIL WITH(NOLOCK)
                 WHERE  common_cd = 'onm_alarm_grade_cd'
                   AND  effect_start_datetime <![CDATA[ <= ]]> FORMAT(GETDATE(),'yyyyMMddHHmmss')
                   AND  effect_end_datetime <![CDATA[ >= ]]> FORMAT(GETDATE(),'yyyyMMddHHmmss')
		       ) F
		       ON (A.onm_alarm_grade_cd = F.common_cd_val)
		       LEFT OUTER JOIN
		       (
		        SELECT  user_id
		               ,user_name
		          FROM  OOM_USER WITH(NOLOCK)
		       ) G
		       ON (A.register_id = G.user_id)
	</select>
	
	<update id="updateOomTenantResourceMonitoringAlarmCondition" parameterType="com.adtcaps.tsop.onm.api.domain.OomTenantResourceMonitoringAlarmConditionDto">
	    UPDATE  OOM_TENANT_RESOURCE_MONITORING_ALARM_CONDITION
	       SET  audit_datetime = GETDATE()
	           ,audit_id = #{auditId}
	           ,onm_alarm_grade_cd = #{onmAlarmGradeCd}
         WHERE  tenant_id = #{tenantId}
           AND  onm_alarm_group_cd = #{onmAlarmGroupCd}
           AND  onm_alarm_cd = #{onmAlarmCd}
	</update>
	
	<delete id="deleteOomTenantResourceMonitoringAlarmCondition" parameterType="com.adtcaps.tsop.onm.api.domain.OomTenantResourceMonitoringAlarmConditionDto">
	    DELETE  
	      FROM  OOM_TENANT_RESOURCE_MONITORING_ALARM_CONDITION
         WHERE  tenant_id = #{tenantId}
           AND  onm_alarm_group_cd = #{onmAlarmGroupCd}
           AND  onm_alarm_cd = #{onmAlarmCd}
	</delete>
	
	<select id="readOomTenantResourceMonitoringAlarmConditionCount" parameterType="com.adtcaps.tsop.onm.api.domain.OomTenantResourceMonitoringAlarmConditionDto" resultType="java.lang.Integer">
		SELECT  COUNT(*) AS condition_count
		  FROM  OOM_TENANT_RESOURCE_MONITORING_ALARM_CONDITION WITH(NOLOCK)
         WHERE  tenant_id = #{tenantId}
           AND  onm_alarm_cd = #{onmAlarmCd}
	</select>
	
</mapper>