<?xml version="1.0" encoding="UTF-8"?>
<!DOCTYPE mapper PUBLIC "-//mybatis.org//DTD Mapper 3.0//EN" "http://mybatis.org/dtd/mybatis-3-mapper.dtd">

<mapper namespace="com.adtcaps.tsop.onm.api.work.mapper.OomWorkBuildingServiceConnectionIpMapper">
	
	<insert id="insertOomWorkBuildingServiceConnectionIp" parameterType="com.adtcaps.tsop.onm.api.domain.OomWorkBuildingServiceConnectionIpDto">
		INSERT
		  INTO  OOM_WORK_BUILDING_SERVICE_CONNECTION_IP
         (
          onm_work_id
         ,bld_id
         ,service_cl_cd
         ,connection_ip_addr
         ,audit_datetime
         ,audit_id
         ,connection_ip_addr_cl_cd
         )
         VALUES 
         (
          #{onmWorkId}
         ,#{bldId}
         ,#{serviceClCd}
         ,#{connectionIpAddr}
         ,GETDATE()
         ,#{auditId}
         ,#{connectionIpAddrClCd}
         )
	</insert>
	
	<delete id="deleteOomWorkBuildingServiceConnectionIp" parameterType="com.adtcaps.tsop.onm.api.domain.OomWorkBuildingServiceConnectionIpDto">
		DELETE
		  FROM  OOM_WORK_BUILDING_SERVICE_CONNECTION_IP
		 WHERE  onm_work_id = #{onmWorkId}
	</delete>
	
	
	<update id="mergeOomWorkBuildingServiceConnectionIp" parameterType="com.adtcaps.tsop.onm.api.domain.OomWorkBuildingServiceConnectionIpDto">
		MERGE INTO
              OOM_WORK_BUILDING_SERVICE_CONNECTION_IP AS tgt
        USING
        (   
         SELECT  #{onmWorkId} AS onm_work_id
                ,#{bldId} AS bld_id
                ,#{serviceClCd} AS service_cl_cd
                ,#{connectionIpAddr} AS connection_ip_addr
                ,GETDATE() AS audit_datetime
                ,#{auditId} AS audit_id
                ,#{connectionIpAddrClCd} AS connection_ip_addr_cl_cd
        ) AS src
        ON (tgt.onm_work_id = src.onm_work_id  AND  
            tgt.bld_id = src.bld_id  AND  
            tgt.service_cl_cd = src.service_cl_cd  AND  
            tgt.connection_ip_addr = src.connection_ip_addr)
        WHEN MATCHED THEN
         UPDATE
            SET  tgt.bld_id = src.bld_id
                ,tgt.service_cl_cd = src.service_cl_cd
                ,tgt.connection_ip_addr = src.connection_ip_addr
                ,tgt.audit_datetime = src.audit_datetime
                ,tgt.audit_id = src.audit_id
                ,tgt.connection_ip_addr_cl_cd = src.connection_ip_addr_cl_cd
        WHEN NOT MATCHED THEN
         INSERT
         (
          onm_work_id
         ,bld_id
         ,service_cl_cd
         ,connection_ip_addr
         ,audit_datetime
         ,audit_id
         ,connection_ip_addr_cl_cd
         )
         VALUES 
         (
          src.onm_work_id
         ,src.bld_id
         ,src.service_cl_cd
         ,src.connection_ip_addr
         ,src.audit_datetime
         ,src.audit_id
         ,src.connection_ip_addr_cl_cd
         );
	</update>
	
	<select id="listOomWorkBuildingServiceConnectionIp" parameterType="com.adtcaps.tsop.onm.api.domain.OomWorkBuildingServiceConnectionIpDto" resultType="com.adtcaps.tsop.onm.api.domain.OomWorkBuildingServiceConnectionIpDto">
		SELECT  A.onm_work_id
               ,A.bld_id
               ,A.service_cl_cd
               ,A.connection_ip_addr
               ,A.connection_ip_addr_cl_cd
		  FROM (
		        SELECT  onm_work_id
                       ,bld_id
                       ,service_cl_cd
                       ,connection_ip_addr
                       ,connection_ip_addr_cl_cd
                  FROM  OOM_WORK_BUILDING_SERVICE_CONNECTION_IP WITH(NOLOCK)
                 WHERE  onm_work_id = #{onmWorkId}
                   AND  bld_id = #{bldId}
                   AND  service_cl_cd = #{serviceClCd}
		       ) A
	</select>
	
	<insert id="createServiceConnectionIpFromWork" parameterType="com.adtcaps.tsop.onm.api.domain.OomWorkBuildingServiceConnectionIpDto">
		INSERT 
		  INTO  OOM_BUILDING_SERVICE_CONNECTION_IP
		(
		  bld_id
         ,service_cl_cd
         ,service_sys_name
         ,linkage_standard_version_val
         ,connection_ip_addr
         ,audit_datetime
         ,audit_id
         ,connection_ip_addr_cl_cd
		)
		SELECT  A.bld_id
               ,A.service_cl_cd
               ,B.service_sys_name
               ,B.linkage_standard_version_val
               ,A.connection_ip_addr
               ,GETDATE() AS audit_datetime
               ,A.audit_id
               ,A.connection_ip_addr_cl_cd
          FROM (
                SELECT  bld_id
                       ,service_cl_cd
                       ,connection_ip_addr
                       ,audit_id
                       ,connection_ip_addr_cl_cd
                  FROM  OOM_WORK_BUILDING_SERVICE_CONNECTION_IP WITH(NOLOCK)
                 WHERE  onm_work_id = #{onmWorkId}
               ) A
               INNER JOIN
               (
                SELECT  onm_work_id
                       ,bld_id
                       ,service_cl_cd
                       ,service_sys_name
                       ,linkage_standard_version_val
                  FROM  OOM_WORK_BUILDING_SERVICE_CONENCTION WITH(NOLOCK)
                 WHERE  onm_work_id = #{onmWorkId}
               ) B
               ON (A.bld_id = B.bld_id  AND  
                   A.service_cl_cd = B.service_cl_cd)
	</insert>
	
	
</mapper>