<?xml version="1.0" encoding="UTF-8"?>
<!DOCTYPE mapper PUBLIC "-//mybatis.org//DTD Mapper 3.0//EN" "http://mybatis.org/dtd/mybatis-3-mapper.dtd">

<mapper namespace="com.adtcaps.tsop.onm.api.work.mapper.OomWorkMapper">
	
	<select id="listPageWork" parameterType="com.adtcaps.tsop.onm.api.work.domain.WorkGridRequestDto" resultType="com.adtcaps.tsop.onm.api.work.domain.WorkGridResultDto">
		<include refid="PagingMapper.pagingPreSQL"/>
		SELECT  A.onm_work_id
               ,A.tenant_id
               ,D.tenant_name
               ,A.onm_work_type_cd
               ,B.common_cd_val_name AS onm_work_type_name
               ,A.onm_work_status_cd
               ,C.onm_work_status_cd_name
               ,A.tech_support_req_id
               ,(CASE WHEN ISNULL(A.tech_support_req_id, '') = '' THEN 'OnM 작업' ELSE E.req_title_name END) AS req_title_name
               ,A.register_id
               ,F.user_name AS register_name
               ,A.regist_datetime
               ,A.work_end_datetime
               ,FORMAT(A.audit_datetime, 'yyyy-MM-dd HH:mm:ss') AS audit_datetime
		  FROM (
		        SELECT  onm_work_id
                       ,audit_datetime
                       ,audit_id
                       ,tenant_id
                       ,onm_work_type_cd
                       ,onm_work_status_cd
                       ,work_start_datetime
                       ,work_end_datetime
                       ,regist_datetime
                       ,register_id
                       ,attach_file_num
                       ,tech_support_req_id
                  FROM  OOM_WORK WITH(NOLOCK)
                 WHERE  regist_datetime BETWEEN #{fromDate} AND #{toDate}
                   <if test='!"".equals(tenantId)'>
                   AND  tenant_id = #{tenantId}
                   </if>
                   <if test='!"".equals(onmWorkTypeCd)'>
                   AND  onm_work_type_cd = #{onmWorkTypeCd}
                   </if>
                   <if test='!"".equals(onmWorkStatusCd)'>
                   AND  onm_work_status_cd = #{onmWorkStatusCd}
                   </if>
		       ) A
		       INNER JOIN
		       (
		        SELECT  common_cd_val
                       ,common_cd_val_name
		          FROM  OOM_COMMON_CODE_DETAIL WITH(NOLOCK)
                 WHERE  common_cd = 'onm_work_type_cd'
                   AND  effect_start_datetime <![CDATA[ <= ]]> FORMAT(GETDATE(),'yyyyMMddHHmmss')
                   AND  effect_end_datetime <![CDATA[ >= ]]> FORMAT(GETDATE(),'yyyyMMddHHmmss')
                   <if test='!"".equals(onmWorkTypeCd)'>
                   AND  common_cd_val = #{onmWorkTypeCd}
                   </if>
		       ) B
		       ON (A.onm_work_type_cd = B.common_cd_val)
		       INNER JOIN
		       (
		        SELECT  onm_work_status_cd
                       ,onm_work_status_cd_name
		          FROM  OOM_WORK_STATUS_CODE WITH(NOLOCK)
		         WHERE  1 = 1
		           <if test='!"".equals(onmWorkTypeCd)'>
                   AND  onm_work_type_cd = #{onmWorkTypeCd}
                   </if>
                   <if test='!"".equals(onmWorkStatusCd)'>
                   AND  onm_work_status_cd = #{onmWorkStatusCd}
                   </if>
		       ) C
		       ON (A.onm_work_status_cd = C.onm_work_status_cd)
		       LEFT OUTER JOIN
		       (
		        SELECT  AA.tenant_id AS tenant_id
		               ,AA.tenant_name AS tenant_name
		          FROM (
		                SELECT  tenant_id
		                       ,tenant_name
		                  FROM  OOM_TENANT WITH(NOLOCK)
		                 WHERE  1 = 1
                           <if test='!"".equals(tenantId)'>
                           AND  tenant_id = #{tenantId}
                           </if>
                        UNION ALL
                        SELECT  tenant_id
		                       ,tenant_name
		                  FROM  OOM_WORK_TENANT WITH(NOLOCK)
		                 WHERE  1 = 1
                           <if test='!"".equals(tenantId)'>
                           AND  tenant_id = #{tenantId}
                           </if>
		               ) AA
                 GROUP
                    BY  AA.tenant_id
                       ,AA.tenant_name
		       ) D
		       ON (A.tenant_id = D.tenant_id)
		       LEFT OUTER JOIN
		       (
		        SELECT  tenant_id
		               ,tech_support_req_id
		               ,req_title_name
		          FROM  OOM_TECH_SUPPORT_REQUEST WITH(NOLOCK)
		         WHERE  1 = 1
		           <if test='!"".equals(tenantId)'>
                   AND  tenant_id = #{tenantId}
                   </if>
		       ) E
		       ON (A.tenant_id = E.tenant_id  AND  A.tech_support_req_id = E.tech_support_req_id)
		       LEFT OUTER JOIN
		       (
		        SELECT  user_id
                       ,user_name
		          FROM  OOM_USER WITH(NOLOCK)
		       ) F
		       ON (A.register_id = F.user_id)
		<if test='"".equals(orderBy)'>
		<include refid="PagingMapper.pagingPostSQL">
		    <property name="orderBy" value="audit_datetime DESC"/>
		</include>
		</if>
		<if test='!"".equals(orderBy)'>
		<include refid="PagingMapper.pagingPostSQL">
		    <property name="orderBy" value="${orderBy}"/>
		</include>
		</if>
	</select>
	
	<insert id="createOomWork" parameterType="com.adtcaps.tsop.onm.api.work.domain.WorkRegisterDto">
		<selectKey resultType="java.lang.Integer" keyProperty="onmWorkId" order="BEFORE">
        SELECT  NEXT VALUE FOR OOM_WORK_S1 AS onmWorkId
		</selectKey>
		INSERT 
		  INTO  OOM_WORK
		(
		  onm_work_id
         ,audit_datetime
         ,audit_id
         ,tenant_id
         ,onm_work_type_cd
         ,onm_work_status_cd
         ,work_start_datetime
         ,work_end_datetime
         ,regist_datetime
         ,register_id
         ,attach_file_num
         ,tech_support_req_id
         ,bld_id
         ,service_cl_cd
		)
		VALUES
		(
		  #{onmWorkId}
         ,GETDATE()
         ,#{auditId}
         ,#{tenantId}
         ,#{onmWorkTypeCd}
         ,#{onmWorkStatusCd}
         ,FORMAT(GETDATE(), 'yyyyMMddHHmmss')
         ,null
         ,FORMAT(GETDATE(), 'yyyyMMddHHmmss')
         ,#{auditId}
         ,#{attachFileNum}
         ,#{techSupportReqId}
         ,#{bldId}
         ,#{serviceClCd}
		)
	</insert>
	
	<select id="readOomWork" parameterType="com.adtcaps.tsop.onm.api.domain.OomWorkDto" resultType="com.adtcaps.tsop.onm.api.domain.OomWorkDto">
		SELECT  A.onm_work_id
               ,A.tenant_id
               ,A.onm_work_type_cd
               ,A.onm_work_status_cd
               ,A.tech_support_req_id
               ,A.register_id
               ,A.regist_datetime
               ,A.work_end_datetime
               ,A.bld_id
               ,A.service_cl_cd
		  FROM (
		        SELECT  onm_work_id
                       ,audit_datetime
                       ,audit_id
                       ,tenant_id
                       ,onm_work_type_cd
                       ,onm_work_status_cd
                       ,work_start_datetime
                       ,work_end_datetime
                       ,regist_datetime
                       ,register_id
                       ,attach_file_num
                       ,tech_support_req_id
                       ,bld_id
                       ,service_cl_cd
                  FROM  OOM_WORK WITH(NOLOCK)
                 WHERE  onm_work_id = #{onmWorkId}
               ) A
	</select>
	
	<update id="updateOomWorkTenantId" parameterType="com.adtcaps.tsop.onm.api.domain.OomWorkDto">
	    UPDATE  OOM_WORK
	       SET  audit_datetime = GETDATE()
	           ,audit_id = #{auditId}
	           ,tenant_id = #{tenantId}
         WHERE  onm_work_id = #{onmWorkId}
	</update>
	
	<update id="updateOomWorkCurrentStatus" parameterType="com.adtcaps.tsop.onm.api.domain.OomWorkDto">
	    UPDATE  OOM_WORK
	       SET  audit_datetime = GETDATE()
	           ,audit_id = #{auditId}
	           ,onm_work_status_cd = #{onmWorkStatusCd}
         WHERE  onm_work_id = #{onmWorkId}
	</update>
	
	<update id="updateOomWorkEndDate" parameterType="com.adtcaps.tsop.onm.api.domain.OomWorkDto">
	    UPDATE  OOM_WORK
	       SET  audit_datetime = GETDATE()
	           ,audit_id = #{auditId}
	           ,work_end_datetime = FORMAT(GETDATE(), 'yyyyMMddHHmmss')
         WHERE  onm_work_id = #{onmWorkId}
	</update>
	
	<delete id="deleteOomWork" parameterType="com.adtcaps.tsop.onm.api.domain.OomWorkDto">
		DELETE
		  FROM  OOM_WORK
		 WHERE  onm_work_id = #{onmWorkId}
	</delete>
	
</mapper>