<?xml version="1.0" encoding="UTF-8"?>
<!DOCTYPE mapper PUBLIC "-//mybatis.org//DTD Mapper 3.0//EN" "http://mybatis.org/dtd/mybatis-3-mapper.dtd">

<mapper namespace="com.adtcaps.tsop.onm.api.work.mapper.OomWorkBuildingServiceConenctionMapper">
	
	<insert id="insertOomWorkBuildingServiceConenction" parameterType="com.adtcaps.tsop.onm.api.domain.OomWorkBuildingServiceConenctionDto">
		INSERT
		  INTO  OOM_WORK_BUILDING_SERVICE_CONENCTION
         (
          onm_work_id
         ,bld_id
         ,service_cl_cd
         ,audit_datetime
         ,audit_id
         ,web_app_use_yn
         ,use_yn
         )
         VALUES 
         (
          #{onmWorkId}
         ,#{bldId}
         ,#{serviceClCd}
         ,GETDATE()
         ,#{auditId}
         ,#{webAppUseYn}
         ,#{useYn}
         )
	</insert>
	
	<delete id="deleteOomWorkBuildingServiceConenction" parameterType="com.adtcaps.tsop.onm.api.domain.OomWorkBuildingServiceConenctionDto">
		DELETE
		  FROM  OOM_WORK_BUILDING_SERVICE_CONENCTION
		 WHERE  onm_work_id = #{onmWorkId}
	</delete>
	
	<update id="mergeOomWorkBuildingServiceConenction" parameterType="com.adtcaps.tsop.onm.api.domain.OomWorkBuildingServiceConenctionDto">
		MERGE INTO
              OOM_WORK_BUILDING_SERVICE_CONENCTION AS tgt
        USING
        (
         SELECT  #{onmWorkId} AS onm_work_id
                ,#{bldId} AS bld_id
                ,#{serviceClCd} AS service_cl_cd
                ,GETDATE() AS audit_datetime
                ,#{auditId} AS audit_id
                ,#{serviceSysName} AS service_sys_name
                ,#{serviceSysLinkageMethodCd} AS service_sys_linkage_method_cd
                ,#{linkageStandardVersionVal} AS linkage_standard_version_val
                ,#{connectionInfo} AS connection_info
                ,#{connectionPortNum} AS connection_port_num
                ,#{serviceSysLinkageMethodCd} AS protocol_type_cd
                ,#{developLinkageKeyVal} AS develop_linkage_key_val
                ,#{commonLinkageKeyVal} AS common_linkage_key_val
                ,#{expectPerhrUseCnt} AS expect_perhr_use_cnt
                ,#{tpmThresholdVal} AS tpm_threshold_val
                ,#{webAppUseYn} AS web_app_use_yn
                ,#{edgegwDriverClCd} AS edgegw_driver_cl_cd
                ,#{useYn} AS use_yn
        ) AS src
        ON (tgt.onm_work_id = src.onm_work_id  AND  
            tgt.bld_id = src.bld_id  AND  
            tgt.service_cl_cd = src.service_cl_cd)
        WHEN MATCHED THEN
         UPDATE
            SET  tgt.audit_datetime = src.audit_datetime
                ,tgt.audit_id = src.audit_id
                ,tgt.service_sys_name = src.service_sys_name
                ,tgt.service_sys_linkage_method_cd = src.service_sys_linkage_method_cd
                ,tgt.linkage_standard_version_val = src.linkage_standard_version_val
                ,tgt.connection_info = src.connection_info
                ,tgt.connection_port_num = src.connection_port_num
                ,tgt.protocol_type_cd = src.protocol_type_cd
                ,tgt.develop_linkage_key_val = src.develop_linkage_key_val
                ,tgt.common_linkage_key_val = src.common_linkage_key_val
                ,tgt.expect_perhr_use_cnt = src.expect_perhr_use_cnt
                ,tgt.tpm_threshold_val = src.tpm_threshold_val
                ,tgt.web_app_use_yn = src.web_app_use_yn
                ,tgt.edgegw_driver_cl_cd = src.edgegw_driver_cl_cd
                ,tgt.use_yn = src.use_yn
        WHEN NOT MATCHED THEN
         INSERT
         (
          onm_work_id
         ,bld_id
         ,service_cl_cd
         ,audit_datetime
         ,audit_id
         ,service_sys_name
         ,service_sys_linkage_method_cd
         ,linkage_standard_version_val
         ,connection_info
         ,connection_port_num
         ,protocol_type_cd
         ,develop_linkage_key_val
         ,common_linkage_key_val
         ,expect_perhr_use_cnt
         ,tpm_threshold_val
         ,web_app_use_yn
         ,edgegw_driver_cl_cd
         ,use_yn
         )
         VALUES 
         (
          src.onm_work_id
         ,src.bld_id
         ,src.service_cl_cd
         ,src.audit_datetime
         ,src.audit_id
         ,src.service_sys_name
         ,src.service_sys_linkage_method_cd
         ,src.linkage_standard_version_val
         ,src.connection_info
         ,src.connection_port_num
         ,src.protocol_type_cd
         ,src.develop_linkage_key_val
         ,src.common_linkage_key_val
         ,src.expect_perhr_use_cnt
         ,src.tpm_threshold_val
         ,src.web_app_use_yn
         ,src.edgegw_driver_cl_cd
         ,src.use_yn
         );
	</update>
	
	<update id="updateOomWorkBuildingServiceConenctionInterface" parameterType="com.adtcaps.tsop.onm.api.domain.OomWorkBuildingServiceConenctionDto">
	    UPDATE  OOM_WORK_BUILDING_SERVICE_CONENCTION
	       SET  audit_datetime = GETDATE()
	           ,audit_id = #{auditId}
	           <if test='attachFileNum != null'>
               <if test='attachFileNum > 0'>
               ,attach_file_num = #{attachFileNum}
               </if>
               </if>
         WHERE  onm_work_id = #{onmWorkId}
           AND  bld_id = #{bldId}
           AND  service_cl_cd = #{serviceClCd}
	</update>
	
	<update id="updateOomWorkBuildingServiceConenctionUseYn" parameterType="com.adtcaps.tsop.onm.api.domain.OomWorkBuildingServiceConenctionDto">
	    UPDATE  OOM_WORK_BUILDING_SERVICE_CONENCTION
	       SET  audit_datetime = GETDATE()
	           ,audit_id = #{auditId}
	           ,use_yn = #{useYn}
         WHERE  onm_work_id = #{onmWorkId}
           AND  bld_id = #{bldId}
           AND  service_cl_cd = #{serviceClCd}
	</update>
	
	<select id="listWorkBuildingService" parameterType="com.adtcaps.tsop.onm.api.domain.OomWorkBuildingServiceConenctionDto" resultType="com.adtcaps.tsop.onm.api.work.domain.WorkServiceUseYnDto">
		SELECT  A.common_cd_val AS service_cl_cd
               ,A.common_cd_val_name AS service_cl_name
               ,(CASE WHEN B.service_cl_cd IS NULL THEN 'N' ELSE 'Y' END) AS service_use_yn
		  FROM (
		        SELECT  common_cd_val
                       ,common_cd_val_name
                       ,sort_seq
		          FROM  OOM_COMMON_CODE_DETAIL WITH(NOLOCK)
                 WHERE  common_cd = 'service_cl_cd'
                   AND  sort_seq <![CDATA[ > ]]> 20
                   AND  effect_start_datetime <![CDATA[ <= ]]> FORMAT(GETDATE(),'yyyyMMddHHmmss')
                   AND  effect_end_datetime <![CDATA[ >= ]]> FORMAT(GETDATE(),'yyyyMMddHHmmss')
		       ) A
		       LEFT OUTER JOIN
               (
		        SELECT  onm_work_id
		               ,bld_id
                       ,service_cl_cd
                  FROM  OOM_WORK_BUILDING_SERVICE_CONENCTION WITH(NOLOCK)
                 WHERE  onm_work_id = #{onmWorkId}
                   AND  bld_id = #{bldId}
		       ) B
		       ON (A.common_cd_val = B.service_cl_cd)
		 ORDER
		    BY  A.sort_seq ASC
	</select>
	
	<select id="listWorkBuildingNotService" parameterType="com.adtcaps.tsop.onm.api.domain.OomWorkBuildingServiceConenctionDto" resultType="com.adtcaps.tsop.onm.api.work.domain.WorkServiceUseYnDto">
		SELECT  A.common_cd_val AS service_cl_cd
               ,A.common_cd_val_name AS service_cl_name
               ,(CASE WHEN B.service_cl_cd IS NULL THEN 'N' ELSE 'Y' END) AS service_use_yn
		  FROM (
		        SELECT  common_cd_val
                       ,common_cd_val_name
                       ,sort_seq
		          FROM  OOM_COMMON_CODE_DETAIL WITH(NOLOCK)
                 WHERE  common_cd = 'service_cl_cd'
                   AND  sort_seq <![CDATA[ > ]]> 20
                   AND  effect_start_datetime <![CDATA[ <= ]]> FORMAT(GETDATE(),'yyyyMMddHHmmss')
                   AND  effect_end_datetime <![CDATA[ >= ]]> FORMAT(GETDATE(),'yyyyMMddHHmmss')
                   AND  common_cd_val NOT IN (
                                              SELECT  service_cl_cd
                                                FROM  OOM_BUILDING_SERVICE WITH(NOLOCK)
                                               WHERE  bld_id = #{bldId}
                                                 AND  use_yn = 'Y'
                                             )
		       ) A
		       LEFT OUTER JOIN
               (
		        SELECT  onm_work_id
		               ,bld_id
                       ,service_cl_cd
                  FROM  OOM_WORK_BUILDING_SERVICE_CONENCTION WITH(NOLOCK)
                 WHERE  onm_work_id = #{onmWorkId}
                   AND  bld_id = #{bldId}
		       ) B
		       ON (A.common_cd_val = B.service_cl_cd)
		 ORDER
		    BY  A.sort_seq ASC
	</select>
	
	<select id="readInterfaceWorkDetail" parameterType="com.adtcaps.tsop.onm.api.domain.OomWorkBuildingServiceConenctionDto" resultType="com.adtcaps.tsop.onm.api.work.domain.InterfaceWorkDetailResultDto">
		SELECT  A.onm_work_id
               ,A.bld_id
               ,B.bld_name
               ,A.service_cl_cd
               ,C.common_cd_val_name AS service_cl_name
               ,A.service_sys_linkage_method_cd
               ,D.common_cd_val_name AS service_sys_linkage_method_name
               ,A.attach_file_num
               ,E.attach_file_name
               ,A.use_yn
		  FROM (
		        SELECT  onm_work_id
                       ,bld_id
                       ,service_cl_cd
                       ,service_sys_linkage_method_cd
                       ,attach_file_num
                       ,use_yn
                  FROM  OOM_WORK_BUILDING_SERVICE_CONENCTION WITH(NOLOCK)
                 WHERE  onm_work_id = #{onmWorkId}
                   AND  bld_id = #{bldId}
                   AND  service_cl_cd = #{serviceClCd}
		       ) A
		       INNER JOIN
		       (
		        SELECT  AA.bld_id AS bld_id
                       ,AA.bld_name AS bld_name
		          FROM (
		                SELECT  bld_id
		                       ,bld_name
		                  FROM  OOM_WORK_BUILDING WITH(NOLOCK)
		                UNION
		                SELECT  bld_id
                               ,bld_name
		                  FROM  OOM_BUILDING WITH(NOLOCK)
		               ) AA
                 GROUP
                    BY  AA.bld_id
                       ,AA.bld_name
		       ) B
		       ON (A.bld_id = B.bld_id)
		       INNER JOIN
		       (
		        SELECT  common_cd_val
                       ,common_cd_val_name
		          FROM  OOM_COMMON_CODE_DETAIL WITH(NOLOCK)
                 WHERE  common_cd = 'service_cl_cd'
                   AND  effect_start_datetime <![CDATA[ <= ]]> FORMAT(GETDATE(),'yyyyMMddHHmmss')
                   AND  effect_end_datetime <![CDATA[ >= ]]> FORMAT(GETDATE(),'yyyyMMddHHmmss')
		       ) C
		       ON (A.service_cl_cd = C.common_cd_val)
		       LEFT OUTER JOIN
		       (
		        SELECT  common_cd_val
                       ,common_cd_val_name
		          FROM  OOM_COMMON_CODE_DETAIL WITH(NOLOCK)
                 WHERE  common_cd = 'service_sys_linkage_method_cd'
                   AND  effect_start_datetime <![CDATA[ <= ]]> FORMAT(GETDATE(),'yyyyMMddHHmmss')
                   AND  effect_end_datetime <![CDATA[ >= ]]> FORMAT(GETDATE(),'yyyyMMddHHmmss')
		       ) D
		       ON (A.service_sys_linkage_method_cd = D.common_cd_val)
		       LEFT OUTER JOIN
		       (
		        SELECT  attach_file_num
                       ,attach_file_name
		          FROM  OOM_ATTACH_FILE WITH(NOLOCK)
		       ) E
		       ON (A.attach_file_num = E.attach_file_num)
	</select>
	
	<select id="readInterfaceWorkDetailAttachFile" parameterType="com.adtcaps.tsop.onm.api.domain.OomWorkBuildingServiceConenctionDto" resultType="com.adtcaps.tsop.onm.api.work.domain.InterfaceWorkDetailResultDto">
		SELECT  A.attach_file_num
		  FROM (
		        SELECT  onm_work_id
                       ,bld_id
                       ,service_cl_cd
                       ,attach_file_num
                  FROM  OOM_WORK_BUILDING_SERVICE_CONENCTION WITH(NOLOCK)
                 WHERE  onm_work_id = #{onmWorkId}
                   AND  bld_id = #{bldId}
                   AND  service_cl_cd = #{serviceClCd}
		       ) A
		       INNER JOIN
		       (
		        SELECT  attach_file_num
                       ,attach_file_name
		          FROM  OOM_ATTACH_FILE WITH(NOLOCK)
		       ) B
		       ON (A.attach_file_num = B.attach_file_num)
	</select>
	
	<select id="listInterfaceWorkDetail" parameterType="com.adtcaps.tsop.onm.api.domain.OomWorkBuildingServiceConenctionDto" resultType="com.adtcaps.tsop.onm.api.work.domain.InterfaceWorkDetailResultDto">
		SELECT  A.onm_work_id
               ,A.bld_id
               ,B.bld_name
               ,A.service_cl_cd
               ,C.common_cd_val_name AS service_cl_name
               ,A.service_sys_linkage_method_cd
               ,D.common_cd_val_name AS service_sys_linkage_method_name
               ,A.attach_file_num
               ,E.attach_file_name
               ,A.use_yn
		  FROM (
		        SELECT  onm_work_id
                       ,bld_id
                       ,service_cl_cd
                       ,service_sys_linkage_method_cd
                       ,attach_file_num
                       ,use_yn
                  FROM  OOM_WORK_BUILDING_SERVICE_CONENCTION WITH(NOLOCK)
                 WHERE  onm_work_id = #{onmWorkId}
                   AND  bld_id = #{bldId}
		       ) A
		       INNER JOIN
		       (
		        SELECT  AA.bld_id AS bld_id
                       ,AA.bld_name AS bld_name
		          FROM (
		                SELECT  bld_id
		                       ,bld_name
		                  FROM  OOM_WORK_BUILDING WITH(NOLOCK)
		                UNION
		                SELECT  bld_id
                               ,bld_name
		                  FROM  OOM_BUILDING WITH(NOLOCK)
		               ) AA
                 GROUP
                    BY  AA.bld_id
                       ,AA.bld_name
		       ) B
		       ON (A.bld_id = B.bld_id)
		       INNER JOIN
		       (
		        SELECT  common_cd_val
                       ,common_cd_val_name
		          FROM  OOM_COMMON_CODE_DETAIL WITH(NOLOCK)
                 WHERE  common_cd = 'service_cl_cd'
                   AND  effect_start_datetime <![CDATA[ <= ]]> FORMAT(GETDATE(),'yyyyMMddHHmmss')
                   AND  effect_end_datetime <![CDATA[ >= ]]> FORMAT(GETDATE(),'yyyyMMddHHmmss')
		       ) C
		       ON (A.service_cl_cd = C.common_cd_val)
		       LEFT OUTER JOIN
		       (
		        SELECT  common_cd_val
                       ,common_cd_val_name
		          FROM  OOM_COMMON_CODE_DETAIL WITH(NOLOCK)
                 WHERE  common_cd = 'service_sys_linkage_method_cd'
                   AND  effect_start_datetime <![CDATA[ <= ]]> FORMAT(GETDATE(),'yyyyMMddHHmmss')
                   AND  effect_end_datetime <![CDATA[ >= ]]> FORMAT(GETDATE(),'yyyyMMddHHmmss')
		       ) D
		       ON (A.service_sys_linkage_method_cd = D.common_cd_val)
		       LEFT OUTER JOIN
		       (
		        SELECT  attach_file_num
                       ,attach_file_name
		          FROM  OOM_ATTACH_FILE WITH(NOLOCK)
		       ) E
		       ON (A.attach_file_num = E.attach_file_num)
		 ORDER
		    BY  A.bld_id ASC
	</select>
	
	<select id="listOomWorkBuildingServiceConenction" parameterType="com.adtcaps.tsop.onm.api.domain.OomWorkBuildingServiceConenctionDto" resultType="com.adtcaps.tsop.onm.api.work.domain.SearchWorkConenctionDto">
		SELECT  A.onm_work_id
               ,A.bld_id
               ,B.bld_name
               ,A.service_cl_cd
               ,C.common_cd_val_name AS service_cl_name
               ,A.service_sys_name
               ,A.service_sys_linkage_method_cd
               ,A.linkage_standard_version_val
               ,A.connection_info
               ,A.connection_port_num
               ,A.protocol_type_cd
               ,A.develop_linkage_key_val
               ,A.common_linkage_key_val
               ,A.expect_perhr_use_cnt
               ,A.tpm_threshold_val
               ,A.web_app_use_yn
               ,A.edgegw_driver_cl_cd
               ,A.attach_file_num
               ,A.use_yn
		  FROM (
		        SELECT  onm_work_id
                       ,bld_id
                       ,service_cl_cd
                       ,service_sys_name
                       ,service_sys_linkage_method_cd
                       ,linkage_standard_version_val
                       ,connection_info
                       ,connection_port_num
                       ,protocol_type_cd
                       ,develop_linkage_key_val
                       ,common_linkage_key_val
                       ,expect_perhr_use_cnt
                       ,tpm_threshold_val
                       ,web_app_use_yn
                       ,edgegw_driver_cl_cd
                       ,attach_file_num
                       ,use_yn
                  FROM  OOM_WORK_BUILDING_SERVICE_CONENCTION WITH(NOLOCK)
                 WHERE  onm_work_id = #{onmWorkId}
                   <if test='bldId != null'>
                   <if test='!"".equals(bldId)'>
                   AND  bld_id = #{bldId}
                   </if>
                   </if>
		       ) A
		       INNER JOIN
		       (
		        SELECT  BB.bld_id AS bld_id
		               ,BB.bld_name AS bld_name
		          FROM (
		                SELECT  bld_id
		                       ,bld_name
		                  FROM  OOM_BUILDING WITH(NOLOCK)
		                UNION ALL
		                SELECT  bld_id
		                       ,bld_name
		                  FROM  OOM_WORK_BUILDING WITH(NOLOCK)
		               ) BB
		         GROUP
		            BY  bld_id
		               ,bld_name
		       ) B
		       ON (A.bld_id = B.bld_id)
		       INNER JOIN
		       (
		        SELECT  common_cd_val
                       ,common_cd_val_name
		          FROM  OOM_COMMON_CODE_DETAIL WITH(NOLOCK)
                 WHERE  common_cd = 'service_cl_cd'
                   AND  effect_start_datetime <![CDATA[ <= ]]> FORMAT(GETDATE(),'yyyyMMddHHmmss')
                   AND  effect_end_datetime <![CDATA[ >= ]]> FORMAT(GETDATE(),'yyyyMMddHHmmss')
                   AND  common_cd_val NOT IN (
                                              SELECT  service_cl_cd
                                                FROM  OOM_BUILDING_SERVICE WITH(NOLOCK)
                                               WHERE  bld_id = #{bldId}
                                                 AND  use_yn = 'N'
                                             )
		       ) C
		       ON (A.service_cl_cd = C.common_cd_val)
		 ORDER
		    BY  A.bld_id ASC
	</select>
	
	<update id="updateWorkInterfaceAttachFileNum" parameterType="com.adtcaps.tsop.onm.api.domain.OomWorkBuildingServiceConenctionDto">
	    UPDATE  OOM_WORK_BUILDING_SERVICE_CONENCTION
	       SET  attach_file_num = #{attachFileNum}
         WHERE  onm_work_id = #{onmWorkId}
           AND  bld_id = #{bldId}
           AND  service_cl_cd = #{serviceClCd}
	</update>
	
	
	<insert id="createServiceFromWork" parameterType="com.adtcaps.tsop.onm.api.domain.OomWorkBuildingServiceConenctionDto">
		INSERT 
		  INTO  OOM_BUILDING_SERVICE
		(
		  bld_id
         ,bld_service_seq
         ,audit_datetime
         ,audit_id
         ,service_cl_cd
         ,service_start_date
         ,use_yn
		)
		SELECT  bld_id
               ,NEXT VALUE FOR OOM_BUILDING_SERVICE_S1
               ,GETDATE() AS audit_datetime
               ,audit_id
               ,service_cl_cd
               ,FORMAT(GETDATE(),'yyyyMMdd') AS service_start_date
               ,use_yn
          FROM  OOM_WORK_BUILDING_SERVICE_CONENCTION WITH(NOLOCK)
         WHERE  onm_work_id = #{onmWorkId}
	</insert>
	
	<update id="updateServiceUseYnFromWork" parameterType="com.adtcaps.tsop.onm.api.domain.OomWorkBuildingServiceConenctionDto">
		UPDATE  OOM_BUILDING_SERVICE
		   SET  OOM_BUILDING_SERVICE.audit_datetime = B.audit_datetime
               ,OOM_BUILDING_SERVICE.audit_id = B.audit_id
               ,OOM_BUILDING_SERVICE.use_yn = B.use_yn
          FROM  OOM_BUILDING_SERVICE A
               ,(
                 SELECT  bld_id
                        ,service_cl_cd
                        ,GETDATE() AS audit_datetime
                        ,audit_id
                        ,use_yn
                   FROM  OOM_WORK_BUILDING_SERVICE_CONENCTION WITH(NOLOCK)
                  WHERE  onm_work_id = #{onmWorkId}
                ) B
         WHERE  A.bld_id = B.bld_id
           AND  A.service_cl_cd = B.service_cl_cd
	</update>
	
	<insert id="createServiceConnectionFromWork" parameterType="com.adtcaps.tsop.onm.api.domain.OomWorkBuildingServiceConenctionDto">
		INSERT 
		  INTO  OOM_BUILDING_SERVICE_CONNECTION
		(
		  bld_id
         ,service_cl_cd
         ,service_sys_name
         ,connect_version_val
         ,audit_datetime
         ,audit_id
         ,linkage_standard_version_val
         ,connection_info
         ,connection_port_num
         ,protocol_type_cd
         ,develop_linkage_key_val
         ,common_linkage_key_val
         ,expect_perhr_use_cnt
         ,edgegw_driver_cl_cd
		)
		SELECT  bld_id
               ,service_cl_cd
               ,service_sys_name
               ,'1'
               ,GETDATE() AS audit_datetime
               ,audit_id
               ,linkage_standard_version_val
               ,connection_info
               ,connection_port_num
               ,protocol_type_cd
               ,develop_linkage_key_val
               ,common_linkage_key_val
               ,expect_perhr_use_cnt
               ,edgegw_driver_cl_cd
          FROM  OOM_WORK_BUILDING_SERVICE_CONENCTION WITH(NOLOCK)
         WHERE  onm_work_id = #{onmWorkId}
	</insert>
	
	<update id="updateServiceConnectionFromWork" parameterType="com.adtcaps.tsop.onm.api.domain.OomWorkBuildingServiceConenctionDto">
		UPDATE  OOM_BUILDING_SERVICE_CONNECTION
		   SET  OOM_BUILDING_SERVICE_CONNECTION.service_sys_name = B.service_sys_name
               ,OOM_BUILDING_SERVICE_CONNECTION.audit_datetime = B.audit_datetime
               ,OOM_BUILDING_SERVICE_CONNECTION.audit_id = B.audit_id
               ,OOM_BUILDING_SERVICE_CONNECTION.linkage_standard_version_val = B.linkage_standard_version_val
               ,OOM_BUILDING_SERVICE_CONNECTION.connection_info = B.connection_info
               ,OOM_BUILDING_SERVICE_CONNECTION.connection_port_num = B.connection_port_num
               ,OOM_BUILDING_SERVICE_CONNECTION.protocol_type_cd = B.protocol_type_cd
               ,OOM_BUILDING_SERVICE_CONNECTION.develop_linkage_key_val = B.develop_linkage_key_val
               ,OOM_BUILDING_SERVICE_CONNECTION.common_linkage_key_val = B.common_linkage_key_val
               ,OOM_BUILDING_SERVICE_CONNECTION.expect_perhr_use_cnt = B.expect_perhr_use_cnt
               ,OOM_BUILDING_SERVICE_CONNECTION.edgegw_driver_cl_cd = B.edgegw_driver_cl_cd
          FROM  OOM_BUILDING_SERVICE_CONNECTION A
               ,(
                 SELECT  bld_id
                        ,service_cl_cd
                        ,GETDATE() AS audit_datetime
                        ,audit_id
                        ,service_sys_name
                        ,linkage_standard_version_val
                        ,connection_info
                        ,connection_port_num
                        ,protocol_type_cd
                        ,develop_linkage_key_val
                        ,common_linkage_key_val
                        ,expect_perhr_use_cnt
                        ,edgegw_driver_cl_cd
                   FROM  OOM_WORK_BUILDING_SERVICE_CONENCTION WITH(NOLOCK)
                  WHERE  onm_work_id = #{onmWorkId}
                ) B
         WHERE  A.bld_id = B.bld_id
           AND  A.service_cl_cd = B.service_cl_cd
	</update>
	
	
</mapper>