<?xml version="1.0" encoding="UTF-8"?>
<!DOCTYPE mapper PUBLIC "-//mybatis.org//DTD Mapper 3.0//EN" "http://mybatis.org/dtd/mybatis-3-mapper.dtd">

<mapper namespace="com.adtcaps.tsop.onm.api.work.mapper.OomWorkBuildingMapper">
	
	<insert id="insertOomWorkBuilding" parameterType="com.adtcaps.tsop.onm.api.domain.OomWorkBuildingDto">
		INSERT
		  INTO  OOM_WORK_BUILDING
         (
          onm_work_id
         ,audit_datetime
         ,audit_id
         ,onm_work_status_finish_cd
         ,bld_id
         ,bld_name
         ,bld_abbr_name
         ,lotnum_addr
         ,streetname_addr
         ,ldong_cd
         ,detail_addr
         <if test='latitudeVal != null'>
         ,latitude_val
         </if>
         <if test='longitudeVal != null'>
         ,longitude_val
         </if>
         <if test='bldTotalfloorareaSize != null'>
         ,bld_totalfloorarea_size
         </if>
         <if test='condAreaSize != null'>
         ,cond_area_size
         </if>
         <if test='prksiteAreaSize != null'>
         ,prksite_area_size
         </if>
         ,ground_floor
         ,underground_floor
         ,complet_date
         <if test='weatherForecastXCodnVal != null'>
         ,weather_forecast_x_codn_val
         </if>
         <if test='weatherForecastYCodnVal != null'>
         ,weather_forecast_y_codn_val
         </if>
         ,bld_type_cd
         ,service_start_date
         ,service_end_date
         ,use_yn
         )
         VALUES 
         (
          #{onmWorkId}
         ,GETDATE()
         ,#{auditId}
         ,#{onmWorkStatusFinishCd}
         ,(SELECT  REPLICATE('0', 4 - LEN(CONVERT(VARCHAR, MAX(A.bld_id) + 1))) + CONVERT(VARCHAR, MAX(A.bld_id) + 1)
             FROM (
                   SELECT  CONVERT(INT, bld_id) AS bld_id
                     FROM  OOM_BUILDING WITH(NOLOCK)
                   UNION ALL
                   SELECT  CONVERT(INT, bld_id) AS bld_id
                     FROM  OOM_WORK_BUILDING WITH(NOLOCK)
                  ) A
          )
         ,#{bldName}
         ,#{bldAbbrName}
         ,#{lotnumAddr}
         ,#{streetnameAddr}
         ,#{ldongCd}
         ,#{detailAddr}
         <if test='latitudeVal != null'>
         ,#{latitudeVal}
         </if>
         <if test='longitudeVal != null'>
         ,#{longitudeVal}
         </if>
         <if test='bldTotalfloorareaSize != null'>
         ,#{bldTotalfloorareaSize}
         </if>
         <if test='condAreaSize != null'>
         ,#{condAreaSize}
         </if>
         <if test='prksiteAreaSize != null'>
         ,#{prksiteAreaSize}
         </if>
         ,#{groundFloor}
         ,#{undergroundFloor}
         ,#{completDate}
         <if test='weatherForecastXCodnVal != null'>
         ,#{weatherForecastXCodnVal}
         </if>
         <if test='weatherForecastYCodnVal != null'>
         ,#{weatherForecastYCodnVal}
         </if>
         ,#{bldTypeCd}
         ,#{serviceStartDate}
         ,#{serviceEndDate}
         ,#{useYn}
         );
	</insert>
	
	<delete id="deleteOomWorkBuilding" parameterType="com.adtcaps.tsop.onm.api.domain.OomWorkBuildingDto">
		DELETE
		  FROM  OOM_WORK_BUILDING
		 WHERE  onm_work_id = #{onmWorkId}
	</delete>
	
	<update id="mergeOomWorkBuilding" parameterType="com.adtcaps.tsop.onm.api.domain.OomWorkBuildingDto">
		MERGE INTO
              OOM_WORK_BUILDING AS tgt
        USING
        (   
         SELECT  #{onmWorkId} AS onm_work_id
                ,GETDATE() AS audit_datetime
                ,#{auditId} AS audit_id
                ,#{onmWorkStatusFinishCd} AS onm_work_status_finish_cd
                ,#{bldId} AS bld_id
                ,#{bldName} AS bld_name
                ,#{bldAbbrName} AS bld_abbr_name
                ,#{lotnumAddr} AS lotnum_addr
                ,#{streetnameAddr} AS streetname_addr
                ,#{ldongCd} AS ldong_cd
                ,#{detailAddr} AS detail_addr
                ,#{latitudeVal} AS latitude_val
                ,#{longitudeVal} AS longitude_val
                ,#{bldTotalfloorareaSize} AS bld_totalfloorarea_size
                ,#{condAreaSize} AS cond_area_size
                ,#{prksiteAreaSize} AS prksite_area_size
                ,#{groundFloor} AS ground_floor
                ,#{undergroundFloor} AS underground_floor
                ,#{completDate} AS complet_date
                ,#{weatherForecastXCodnVal} AS weather_forecast_x_codn_val
                ,#{weatherForecastYCodnVal} AS weather_forecast_y_codn_val
                ,#{bldTypeCd} AS bld_type_cd
                ,#{serviceStartDate} AS service_start_date
                ,#{serviceEndDate} AS service_end_date
                ,#{useYn} AS use_yn
        ) AS src
        ON (tgt.onm_work_id = src.onm_work_id  AND
            tgt.bld_id = src.bld_id)
        WHEN MATCHED THEN
         UPDATE
            SET  tgt.audit_datetime = src.audit_datetime
                ,tgt.audit_id = src.audit_id
                ,tgt.onm_work_status_finish_cd = src.onm_work_status_finish_cd
                ,tgt.bld_name = src.bld_name
                ,tgt.bld_abbr_name = src.bld_abbr_name
                ,tgt.lotnum_addr = src.lotnum_addr
                ,tgt.streetname_addr = src.streetname_addr
                ,tgt.ldong_cd = src.ldong_cd
                ,tgt.detail_addr = src.detail_addr
                <if test='latitudeVal != null'>
                ,tgt.latitude_val = src.latitude_val
                </if>
                <if test='longitudeVal != null'>
                ,tgt.longitude_val = src.longitude_val
                </if>
                <if test='bldTotalfloorareaSize != null'>
                ,tgt.bld_totalfloorarea_size = src.bld_totalfloorarea_size
                </if>
                <if test='condAreaSize != null'>
                ,tgt.cond_area_size = src.cond_area_size
                </if>
                <if test='prksiteAreaSize != null'>
                ,tgt.prksite_area_size = src.prksite_area_size
                </if>
                ,tgt.ground_floor = src.ground_floor
                ,tgt.underground_floor = src.underground_floor
                ,tgt.complet_date = src.complet_date
                <if test='weatherForecastXCodnVal != null'>
                ,tgt.weather_forecast_x_codn_val = src.weather_forecast_x_codn_val
                </if>
                <if test='weatherForecastYCodnVal != null'>
                ,tgt.weather_forecast_y_codn_val = src.weather_forecast_y_codn_val
                </if>
                ,tgt.service_start_date = src.service_start_date
                ,tgt.service_end_date = src.service_end_date
                ,tgt.use_yn = src.use_yn
        WHEN NOT MATCHED THEN
         INSERT
         (
          onm_work_id
         ,audit_datetime
         ,audit_id
         ,onm_work_status_finish_cd
         ,bld_id
         ,bld_name
         ,bld_abbr_name
         ,lotnum_addr
         ,streetname_addr
         ,ldong_cd
         ,detail_addr
         <if test='latitudeVal != null'>
         ,latitude_val
         </if>
         <if test='longitudeVal != null'>
         ,longitude_val
         </if>
         <if test='bldTotalfloorareaSize != null'>
         ,bld_totalfloorarea_size
         </if>
         <if test='condAreaSize != null'>
         ,cond_area_size
         </if>
         <if test='prksiteAreaSize != null'>
         ,prksite_area_size
         </if>
         ,ground_floor
         ,underground_floor
         ,complet_date
         <if test='weatherForecastXCodnVal != null'>
         ,weather_forecast_x_codn_val
         </if>
         <if test='weatherForecastYCodnVal != null'>
         ,weather_forecast_y_codn_val
         </if>
         ,bld_type_cd
         ,service_start_date
         ,service_end_date
         ,use_yn
         )
         VALUES 
         (
          src.onm_work_id
         ,src.audit_datetime
         ,src.audit_id
         ,src.onm_work_status_finish_cd
         <if test='bldId == null'>
         ,(SELECT  REPLICATE('0', 4 - LEN(CONVERT(VARCHAR, MAX(A.bld_id) + 1))) + CONVERT(VARCHAR, MAX(A.bld_id) + 1)
             FROM (
                   SELECT  CONVERT(INT, bld_id) AS bld_id
                     FROM  OOM_BUILDING WITH(NOLOCK)
                   UNION ALL
                   SELECT  CONVERT(INT, bld_id) AS bld_id
                     FROM  OOM_WORK_BUILDING WITH(NOLOCK)
                  ) A
          )
         </if>
         <if test='bldId != null'>
         <if test='"".equals(bldId)'>
         ,(SELECT  REPLICATE('0', 4 - LEN(CONVERT(VARCHAR, MAX(A.bld_id) + 1))) + CONVERT(VARCHAR, MAX(A.bld_id) + 1)
             FROM (
                   SELECT  CONVERT(INT, bld_id) AS bld_id
                     FROM  OOM_BUILDING WITH(NOLOCK)
                   UNION ALL
                   SELECT  CONVERT(INT, bld_id) AS bld_id
                     FROM  OOM_WORK_BUILDING WITH(NOLOCK)
                  ) A
          )
         </if>
         <if test='!"".equals(bldId)'>
         ,src.bld_id
         </if>
         </if>
         ,src.bld_name
         ,src.bld_abbr_name
         ,src.lotnum_addr
         ,src.streetname_addr
         ,src.ldong_cd
         ,src.detail_addr
         <if test='latitudeVal != null'>
         ,src.latitude_val
         </if>
         <if test='longitudeVal != null'>
         ,src.longitude_val
         </if>
         <if test='bldTotalfloorareaSize != null'>
         ,src.bld_totalfloorarea_size
         </if>
         <if test='condAreaSize != null'>
         ,src.cond_area_size
         </if>
         <if test='prksiteAreaSize != null'>
         ,src.prksite_area_size
         </if>
         ,src.ground_floor
         ,src.underground_floor
         ,src.complet_date
         <if test='weatherForecastXCodnVal != null'>
         ,src.weather_forecast_x_codn_val
         </if>
         <if test='weatherForecastYCodnVal != null'>
         ,src.weather_forecast_y_codn_val
         </if>
         ,src.bld_type_cd
         ,src.service_start_date
         ,src.service_end_date
         ,src.use_yn
         );
	</update>
	
	<update id="updateOomWorkBuildingUseYn" parameterType="com.adtcaps.tsop.onm.api.domain.OomWorkBuildingDto">
	    UPDATE  OOM_WORK_BUILDING
	       SET  audit_datetime = GETDATE()
	           ,audit_id = #{auditId}
	           ,use_yn = #{useYn}
	           ,onm_work_status_finish_cd = #{onmWorkStatusFinishCd}
         WHERE  onm_work_id = #{onmWorkId}
           AND  bld_id = #{bldId}
	</update>
	
	<select id="listOomWorkBuilding" parameterType="com.adtcaps.tsop.onm.api.domain.OomWorkBuildingDto" resultType="com.adtcaps.tsop.onm.api.domain.OomWorkBuildingDto">
		SELECT  A.onm_work_id
               ,A.onm_work_status_finish_cd
               ,A.bld_id
               ,A.bld_name
               ,A.bld_abbr_name
               ,A.lotnum_addr
               ,A.streetname_addr
               ,A.ldong_cd
               ,A.detail_addr
               ,A.latitude_val
               ,A.longitude_val
               ,A.bld_totalfloorarea_size
               ,A.cond_area_size
               ,A.prksite_area_size
               ,A.ground_floor
               ,A.underground_floor
               ,A.complet_date
               ,A.weather_forecast_x_codn_val
               ,A.weather_forecast_y_codn_val
               ,A.bld_type_cd
               ,A.service_start_date
               ,A.service_end_date
               ,A.use_yn
		  FROM (
		        SELECT  onm_work_id
                       ,onm_work_status_finish_cd
                       ,bld_id
                       ,bld_name
                       ,bld_abbr_name
                       ,lotnum_addr
                       ,streetname_addr
                       ,ldong_cd
                       ,detail_addr
                       ,latitude_val
                       ,longitude_val
                       ,bld_totalfloorarea_size
                       ,cond_area_size
                       ,prksite_area_size
                       ,ground_floor
                       ,underground_floor
                       ,complet_date
                       ,weather_forecast_x_codn_val
                       ,weather_forecast_y_codn_val
                       ,bld_type_cd
                       ,service_start_date
                       ,service_end_date
                       ,use_yn
                  FROM  OOM_WORK_BUILDING WITH(NOLOCK)
                 WHERE  onm_work_id = #{onmWorkId}
		       ) A
	</select>
	
	<insert id="createBuildingFromWork" parameterType="com.adtcaps.tsop.onm.api.work.domain.TenantWorkBuildingRequestDto">
		INSERT 
		  INTO  OOM_BUILDING
		(
		  bld_id
         ,audit_datetime
         ,audit_id
         ,tenant_id
         ,bld_name
         ,bld_abbr_name
         ,lotnum_addr
         ,streetname_addr
         ,ldong_cd
         ,detail_addr
         ,latitude_val
         ,longitude_val
         ,bld_totalfloorarea_size
         ,cond_area_size
         ,prksite_area_size
         ,ground_floor
         ,underground_floor
         ,complet_date
         ,weather_forecast_x_codn_val
         ,weather_forecast_y_codn_val
         ,bld_type_cd
         ,service_start_date
         ,service_end_date
         ,use_yn
		)
		SELECT  bld_id
               ,GETDATE() AS audit_datetime
               ,audit_id
               ,#{tenantId} AS tenant_id
               ,bld_name
               ,bld_abbr_name
               ,lotnum_addr
               ,streetname_addr
               ,ldong_cd
               ,detail_addr
               ,latitude_val
               ,longitude_val
               ,bld_totalfloorarea_size
               ,cond_area_size
               ,prksite_area_size
               ,ground_floor
               ,underground_floor
               ,complet_date
               ,weather_forecast_x_codn_val
               ,weather_forecast_y_codn_val
               ,bld_type_cd
               ,service_start_date
               ,service_end_date
               ,use_yn
          FROM  OOM_WORK_BUILDING WITH(NOLOCK)
         WHERE  onm_work_id = #{onmWorkId}
	</insert>
	
	<update id="updateBuildingFromWork" parameterType="com.adtcaps.tsop.onm.api.work.domain.TenantWorkBuildingRequestDto">
		UPDATE  OOM_BUILDING
		   SET  OOM_BUILDING.audit_datetime = B.audit_datetime
               ,OOM_BUILDING.audit_id = B.audit_id
               ,OOM_BUILDING.tenant_id = B.tenant_id
               ,OOM_BUILDING.bld_name = B.bld_name
               ,OOM_BUILDING.bld_abbr_name = B.bld_abbr_name
               ,OOM_BUILDING.lotnum_addr = B.lotnum_addr
               ,OOM_BUILDING.streetname_addr = B.streetname_addr
               ,OOM_BUILDING.ldong_cd = B.ldong_cd
               ,OOM_BUILDING.detail_addr = B.detail_addr
               ,OOM_BUILDING.latitude_val = B.latitude_val
               ,OOM_BUILDING.longitude_val = B.longitude_val
               ,OOM_BUILDING.bld_totalfloorarea_size = B.bld_totalfloorarea_size
               ,OOM_BUILDING.cond_area_size = B.cond_area_size
               ,OOM_BUILDING.prksite_area_size = B.prksite_area_size
               ,OOM_BUILDING.ground_floor = B.ground_floor
               ,OOM_BUILDING.underground_floor = B.underground_floor
               ,OOM_BUILDING.complet_date = B.complet_date
               ,OOM_BUILDING.weather_forecast_x_codn_val = B.weather_forecast_x_codn_val
               ,OOM_BUILDING.weather_forecast_y_codn_val = B.weather_forecast_y_codn_val
               ,OOM_BUILDING.bld_type_cd = B.bld_type_cd
               ,OOM_BUILDING.service_start_date = B.service_start_date
               ,OOM_BUILDING.service_end_date = B.service_end_date
               ,OOM_BUILDING.use_yn = B.use_yn
          FROM  OOM_BUILDING AS A
               ,(
                 SELECT  bld_id
                        ,GETDATE() AS audit_datetime
                        ,audit_id
                        ,#{tenantId} AS tenant_id
                        ,bld_name
                        ,bld_abbr_name
                        ,lotnum_addr
                        ,streetname_addr
                        ,ldong_cd
                        ,detail_addr
                        ,latitude_val
                        ,longitude_val
                        ,bld_totalfloorarea_size
                        ,cond_area_size
                        ,prksite_area_size
                        ,ground_floor
                        ,underground_floor
                        ,complet_date
                        ,weather_forecast_x_codn_val
                        ,weather_forecast_y_codn_val
                        ,bld_type_cd
                        ,service_start_date
                        ,service_end_date
                        ,use_yn
                   FROM  OOM_WORK_BUILDING WITH(NOLOCK)
                  WHERE  onm_work_id = #{onmWorkId}
                ) AS B
         WHERE  A.bld_id = B.bld_id
	</update>
	
	<update id="updateBuildingUseYnFromWork" parameterType="com.adtcaps.tsop.onm.api.work.domain.TenantWorkBuildingRequestDto">
		UPDATE  OOM_BUILDING
		   SET  OOM_BUILDING.audit_datetime = B.audit_datetime
               ,OOM_BUILDING.audit_id = B.audit_id
               ,OOM_BUILDING.use_yn = B.use_yn
          FROM  OOM_BUILDING AS A
               ,(
                 SELECT  bld_id
                        ,GETDATE() AS audit_datetime
                        ,audit_id
                        ,use_yn
                   FROM  OOM_WORK_BUILDING WITH(NOLOCK)
                  WHERE  onm_work_id = #{onmWorkId}
                ) AS B
         WHERE  A.bld_id = B.bld_id
	</update>
	
</mapper>