<?xml version="1.0" encoding="UTF-8"?>
<!DOCTYPE mapper PUBLIC "-//mybatis.org//DTD Mapper 3.0//EN" "http://mybatis.org/dtd/mybatis-3-mapper.dtd">

<mapper namespace="com.adtcaps.tsop.onm.api.fault.mapper.OomFaultActionMapper">
	
	<select id="listFaultAction" parameterType="com.adtcaps.tsop.onm.api.domain.OomFaultActionDto" resultType="com.adtcaps.tsop.onm.api.fault.domain.FaultActionGridResultDto">
		SELECT  A.onm_fault_id
               ,A.fault_occr_action_datetime
               ,A.onm_fault_action_content
               ,A.onm_fault_action_charger_name
               ,A.attach_file_num
               ,B.attach_file_name
		  FROM (
		        SELECT  onm_fault_id
                       ,fault_occr_action_datetime
                       ,audit_datetime
                       ,audit_id
                       ,onm_fault_action_charger_name
                       ,onm_fault_action_content
                       ,attach_file_num
                  FROM  OOM_FAULT_ACTION WITH(NOLOCK)
                 WHERE  onm_fault_id = #{onmFaultId}
		       ) A
		       LEFT OUTER JOIN
		       (
		        SELECT  attach_file_num
                       ,attach_file_name
		          FROM  OOM_ATTACH_FILE WITH(NOLOCK)
		       ) B
		       ON (A.attach_file_num = B.attach_file_num)
		 ORDER
		    BY  A.fault_occr_action_datetime ASC
	</select>
	
	<insert id="createOomFaultAction" parameterType="com.adtcaps.tsop.onm.api.domain.OomFaultActionDto">
		INSERT 
		  INTO  OOM_FAULT_ACTION
		(
		  onm_fault_id
         ,fault_occr_action_datetime
         ,audit_datetime
         ,audit_id
         ,onm_fault_action_charger_name
         ,onm_fault_action_content
         ,attach_file_num
		)
		VALUES
		(
		  #{onmFaultId}
         ,FORMAT(GETDATE(), 'yyyyMMddHHmmss')
         ,GETDATE()
         ,#{auditId}
         ,#{onmFaultActionChargerName}
         ,#{onmFaultActionContent}
         ,#{attachFileNum}
		)
	</insert>
	
	<update id="updateFaultActionAttachFileNum" parameterType="com.adtcaps.tsop.onm.api.domain.OomFaultActionDto">
	    UPDATE  OOM_FAULT_ACTION
	       SET  attach_file_num = #{attachFileNum}
         WHERE  onm_fault_id = #{onmFaultId}
           AND  fault_occr_action_datetime = #{faultOccrActionDatetime}
	</update>
	
	<delete id="deleteOomFaultAction" parameterType="com.adtcaps.tsop.onm.api.domain.OomFaultActionDto">
	    DELETE  
	      FROM  OOM_FAULT_ACTION
         WHERE  onm_fault_id = #{onmFaultId}
           AND  fault_occr_action_datetime = #{faultOccrActionDatetime}
	</delete>
	
</mapper>