<?xml version="1.0" encoding="UTF-8"?>
<!DOCTYPE mapper PUBLIC "-//mybatis.org//DTD Mapper 3.0//EN" "http://mybatis.org/dtd/mybatis-3-mapper.dtd">

<mapper namespace="com.adtcaps.tsop.onm.api.fault.mapper.OomFaultMapper">
	
	<select id="listPageFault" parameterType="com.adtcaps.tsop.onm.api.fault.domain.FaultGridRequestDto" resultType="com.adtcaps.tsop.onm.api.fault.domain.FaultGridResultDto">
		<include refid="PagingMapper.pagingPreSQL"/>
		SELECT  A.onm_fault_id
               ,A.tenant_id
               ,B.tenant_name
               ,A.onm_resource_category_cd
               ,C.onm_resource_category_cd_name
               ,A.onm_resource_name
               ,A.onm_alarm_type_cd
               ,D.common_cd_val_name AS onm_alarm_type_name
               ,A.fault_content
               ,A.onm_alarm_grade_cd
               ,A.onm_alarm_cd
               ,G.onm_alarm_cd_name
               ,E.common_cd_val_name AS onm_alarm_grade_name
               ,A.fault_action_status_cd
               ,F.common_cd_val_name AS fault_action_status_name
               ,A.register_id
               ,H.user_name AS register_name
               ,A.fault_occr_datetime
               ,A.audit_datetime
		  FROM (
		        SELECT  onm_fault_id
                       ,audit_datetime
                       ,audit_id
                       ,fault_occr_datetime
                       ,tenant_id
                       ,onm_alarm_event_id
                       ,event_datetime
                       ,onm_resource_category_cd
                       ,onm_resource_name
                       ,onm_alarm_type_cd
                       ,fault_content
                       ,onm_alarm_grade_cd
                       ,onm_alarm_cd
                       ,fault_action_status_cd
                       ,fault_release_datetime
                       ,alarm_notice_group_id
                       ,onm_fault_category_cd
                       ,register_id
                       ,attach_file_num
                  FROM  OOM_FAULT WITH(NOLOCK)
                 WHERE  fault_occr_datetime BETWEEN #{fromDate} AND #{toDate}
                   <if test='!"".equals(tenantId)'>
                   AND  tenant_id = #{tenantId}
                   </if>
                   <if test='!"".equals(onmResourceCategoryCd)'>
                   AND  onm_resource_category_cd = #{onmResourceCategoryCd}
                   </if>
                   <if test='!"".equals(onmAlarmTypeCd)'>
                   AND  onm_alarm_type_cd = #{onmAlarmTypeCd}
                   </if>
                   <if test='!"".equals(onmAlarmCd)'>
                   AND  onm_alarm_cd = #{onmAlarmCd}
                   </if>
                   <if test='!"".equals(onmAlarmGradeCd)'>
                   AND  onm_alarm_grade_cd = #{onmAlarmGradeCd}
                   </if>
                   <if test='!"".equals(searchKeyword)'>
                   AND UPPER(fault_content) LIKE CONCAT('%', UPPER(#{searchKeyword}), '%')
                   </if>
                   <if test='!"".equals(resourceSearchKeyword)'>
                   AND UPPER(onm_resource_name) LIKE CONCAT('%', UPPER(#{resourceSearchKeyword}), '%')
                   </if>
		       ) A
		       INNER JOIN
		       (
		        SELECT  tenant_id
		               ,tenant_name
		          FROM  OOM_TENANT WITH(NOLOCK)
                 WHERE  delete_yn = 'N'
                   <if test='!"".equals(tenantId)'>
                   AND  tenant_id = #{tenantId}
                   </if>
		       ) B
		       ON (A.tenant_id = B.tenant_id)
		       INNER JOIN
		       (
		        SELECT  onm_resource_category_cd
		               ,onm_resource_category_cd_name
		          FROM  OOM_ONM_RESOURCE WITH(NOLOCK)
                 WHERE  1 = 1
                   <if test='!"".equals(onmResourceCategoryCd)'>
                   AND  onm_resource_category_cd = #{onmResourceCategoryCd}
                   </if>
		       ) C
		       ON (A.onm_resource_category_cd = C.onm_resource_category_cd)
		       INNER JOIN
		       (
		        SELECT  common_cd_val
                       ,common_cd_val_name
		          FROM  OOM_COMMON_CODE_DETAIL WITH(NOLOCK)
                 WHERE  common_cd = 'onm_alarm_type_cd'
                   AND  effect_start_datetime <![CDATA[ <= ]]> FORMAT(GETDATE(),'yyyyMMddHHmmss')
                   AND  effect_end_datetime <![CDATA[ >= ]]> FORMAT(GETDATE(),'yyyyMMddHHmmss')
                   <if test='!"".equals(onmAlarmTypeCd)'>
                   AND  common_cd_val = #{onmAlarmTypeCd}
                   </if>
		       ) D
		       ON (A.onm_alarm_type_cd = D.common_cd_val)
		       INNER JOIN
		       (
		        SELECT  common_cd_val
                       ,common_cd_val_name
		          FROM  OOM_COMMON_CODE_DETAIL WITH(NOLOCK)
                 WHERE  common_cd = 'onm_alarm_grade_cd'
                   AND  effect_start_datetime <![CDATA[ <= ]]> FORMAT(GETDATE(),'yyyyMMddHHmmss')
                   AND  effect_end_datetime <![CDATA[ >= ]]> FORMAT(GETDATE(),'yyyyMMddHHmmss')
                   <if test='!"".equals(onmAlarmGradeCd)'>
                   AND  common_cd_val = #{onmAlarmGradeCd}
                   </if>
		       ) E
		       ON (A.onm_alarm_grade_cd = E.common_cd_val)
		       INNER JOIN
		       (
		        SELECT  common_cd_val
                       ,common_cd_val_name
		          FROM  OOM_COMMON_CODE_DETAIL WITH(NOLOCK)
                 WHERE  common_cd = 'fault_action_status_cd'
                   AND  effect_start_datetime <![CDATA[ <= ]]> FORMAT(GETDATE(),'yyyyMMddHHmmss')
                   AND  effect_end_datetime <![CDATA[ >= ]]> FORMAT(GETDATE(),'yyyyMMddHHmmss')
		       ) F
		       ON (A.fault_action_status_cd = F.common_cd_val)
		       INNER JOIN
		       (
		        SELECT  onm_alarm_cd
		               ,onm_alarm_cd_name
		          FROM  OOM_ONM_ALARM_CODE WITH(NOLOCK)
		         WHERE  1 = 1
		           <if test='!"".equals(onmAlarmCd)'>
                   AND  onm_alarm_cd = #{onmAlarmCd}
                   </if>
		       ) G
		       ON (A.onm_alarm_cd = G.onm_alarm_cd)
		       LEFT OUTER JOIN
		       (
		        SELECT  user_id
                       ,user_name
		          FROM  OOM_USER WITH(NOLOCK)
		       ) H
		       ON (A.register_id = H.user_id)
		<if test='"".equals(orderBy)'>
		<include refid="PagingMapper.pagingPostSQL">
		    <property name="orderBy" value="audit_datetime DESC"/>
		</include>
		</if>
		<if test='!"".equals(orderBy)'>
		<include refid="PagingMapper.pagingPostSQL">
		    <property name="orderBy" value="${orderBy}"/>
		</include>
		</if>
	</select>
	
	<insert id="createOomFault" parameterType="com.adtcaps.tsop.onm.api.domain.OomFaultDto">
		INSERT 
		  INTO  OOM_FAULT
		(
		  onm_fault_id
         ,audit_datetime
         ,audit_id
         ,fault_occr_datetime
         ,tenant_id
         ,onm_alarm_event_id
         ,event_datetime
         ,onm_resource_category_cd
         ,onm_resource_name
         ,onm_alarm_type_cd
         ,fault_content
         ,onm_alarm_grade_cd
         ,onm_alarm_cd
         ,fault_action_status_cd
         ,alarm_notice_group_id
         ,onm_fault_category_cd
         ,register_id
         ,attach_file_num
		)
		VALUES
		(
		  NEXT VALUE FOR OOM_FAULT_S1
         ,GETDATE()
         ,#{auditId}
         ,FORMAT(GETDATE(), 'yyyyMMddHHmmss')
         ,#{tenantId}
         ,#{onmAlarmEventId}
         ,#{eventDatetime}
         ,#{onmResourceCategoryCd}
         ,#{onmResourceName}
         ,#{onmAlarmTypeCd}
         ,#{faultContent}
         ,#{onmAlarmGradeCd}
         ,#{onmAlarmCd}
         ,#{faultActionStatusCd}
         ,#{alarmNoticeGroupId}
         ,#{onmFaultCategoryCd}
         ,#{registerId}
         ,#{attachFileNum}
		)
	</insert>
	
	<select id="readOomFault" parameterType="com.adtcaps.tsop.onm.api.domain.OomFaultDto" resultType="com.adtcaps.tsop.onm.api.fault.domain.FaultDetailResultDto">
		SELECT  A.onm_fault_id
               ,A.tenant_id
               ,B.tenant_name
               ,A.onm_resource_category_cd
               ,C.onm_resource_category_cd_name
               ,A.onm_resource_name
               ,A.onm_alarm_event_id
               ,A.event_datetime
               ,A.onm_alarm_type_cd
               ,D.common_cd_val_name AS onm_alarm_type_name
               ,A.fault_content
               ,A.onm_alarm_grade_cd
               ,E.common_cd_val_name AS onm_alarm_grade_name
               ,A.fault_action_status_cd
               ,F.common_cd_val_name AS fault_action_status_name
               ,FORMAT(A.fault_release_datetime,'yyyy-MM-dd HH:mm:ss') AS fault_release_datetime
               ,A.register_id
               ,G.user_name AS register_name
               ,A.fault_occr_datetime
               ,A.alarm_notice_group_id
               ,H.alarm_notice_group_name
               ,A.attach_file_num
               ,I.attach_file_name
		  FROM (
		        SELECT  onm_fault_id
                       ,audit_datetime
                       ,audit_id
                       ,fault_occr_datetime
                       ,tenant_id
                       ,onm_alarm_event_id
                       ,event_datetime
                       ,onm_resource_category_cd
                       ,onm_resource_name
                       ,onm_alarm_type_cd
                       ,fault_content
                       ,onm_alarm_grade_cd
                       ,onm_alarm_cd
                       ,fault_action_status_cd
                       ,fault_release_datetime
                       ,alarm_notice_group_id
                       ,onm_fault_category_cd
                       ,register_id
                       ,attach_file_num
                  FROM  OOM_FAULT WITH(NOLOCK)
                 WHERE  onm_fault_id = #{onmFaultId}
		       ) A
		       INNER JOIN
		       (
		        SELECT  tenant_id
		               ,tenant_name
		          FROM  OOM_TENANT WITH(NOLOCK)
                 WHERE  delete_yn = 'N'
		       ) B
		       ON (A.tenant_id = B.tenant_id)
		       INNER JOIN
		       (
		        SELECT  onm_resource_category_cd
		               ,onm_resource_category_cd_name
		          FROM  OOM_ONM_RESOURCE WITH(NOLOCK)
		       ) C
		       ON (A.onm_resource_category_cd = C.onm_resource_category_cd)
		       INNER JOIN
		       (
		        SELECT  common_cd_val
                       ,common_cd_val_name
		          FROM  OOM_COMMON_CODE_DETAIL WITH(NOLOCK)
                 WHERE  common_cd = 'onm_alarm_type_cd'
                   AND  effect_start_datetime <![CDATA[ <= ]]> FORMAT(GETDATE(),'yyyyMMddHHmmss')
                   AND  effect_end_datetime <![CDATA[ >= ]]> FORMAT(GETDATE(),'yyyyMMddHHmmss')
		       ) D
		       ON (A.onm_alarm_type_cd = D.common_cd_val)
		       INNER JOIN
		       (
		        SELECT  common_cd_val
                       ,common_cd_val_name
		          FROM  OOM_COMMON_CODE_DETAIL WITH(NOLOCK)
                 WHERE  common_cd = 'onm_alarm_grade_cd'
                   AND  effect_start_datetime <![CDATA[ <= ]]> FORMAT(GETDATE(),'yyyyMMddHHmmss')
                   AND  effect_end_datetime <![CDATA[ >= ]]> FORMAT(GETDATE(),'yyyyMMddHHmmss')
		       ) E
		       ON (A.onm_alarm_grade_cd = E.common_cd_val)
		       INNER JOIN
		       (
		        SELECT  common_cd_val
                       ,common_cd_val_name
		          FROM  OOM_COMMON_CODE_DETAIL WITH(NOLOCK)
                 WHERE  common_cd = 'fault_action_status_cd'
                   AND  effect_start_datetime <![CDATA[ <= ]]> FORMAT(GETDATE(),'yyyyMMddHHmmss')
                   AND  effect_end_datetime <![CDATA[ >= ]]> FORMAT(GETDATE(),'yyyyMMddHHmmss')
		       ) F
		       ON (A.fault_action_status_cd = F.common_cd_val)
		       LEFT OUTER JOIN
		       (
		        SELECT  user_id
                       ,user_name
		          FROM  OOM_USER WITH(NOLOCK)
		       ) G
		       ON (A.register_id = G.user_id)
		       LEFT OUTER JOIN
		       (
		        SELECT  alarm_notice_group_id
                       ,alarm_notice_group_name
		          FROM  OOM_ALARM_NOTICE_RECEIVE_GROUP WITH(NOLOCK)
                 WHERE  use_yn = 'Y'
		       ) H
		       ON (A.alarm_notice_group_id = H.alarm_notice_group_id)
		       LEFT OUTER JOIN
		       (
		        SELECT  attach_file_num
                       ,attach_file_name
		          FROM  OOM_ATTACH_FILE WITH(NOLOCK)
		       ) I
		       ON (A.attach_file_num = I.attach_file_num)
	</select>
	
	<select id="readOomFaultAttachFile" parameterType="com.adtcaps.tsop.onm.api.domain.OomFaultDto" resultType="com.adtcaps.tsop.onm.api.fault.domain.FaultDetailResultDto">
		SELECT  A.attach_file_num
		  FROM (
		        SELECT  onm_fault_id
                       ,attach_file_num
                  FROM  OOM_FAULT WITH(NOLOCK)
                 WHERE  onm_fault_id = #{onmFaultId}
		       ) A
		       INNER JOIN
		       (
		        SELECT  attach_file_num
                       ,attach_file_name
		          FROM  OOM_ATTACH_FILE WITH(NOLOCK)
		       ) B
		       ON (A.attach_file_num = B.attach_file_num)
	</select>
	
	<update id="updateFaultAttachFileNum" parameterType="com.adtcaps.tsop.onm.api.domain.OomFaultDto">
	    UPDATE  OOM_FAULT
	       SET  attach_file_num = #{attachFileNum}
         WHERE  onm_fault_id = #{onmFaultId}
	</update>
	
	<update id="updateOomFault" parameterType="com.adtcaps.tsop.onm.api.domain.OomFaultDto">
	    UPDATE  OOM_FAULT
	       SET  audit_datetime = GETDATE()
	           ,audit_id = #{auditId}
	           ,fault_content = #{faultContent}
	           ,alarm_notice_group_id = #{alarmNoticeGroupId}
	           <if test='"F".equals(faultActionStatusCd)'>
	           ,fault_release_datetime = GETDATE()
	           </if>
	           ,fault_action_status_cd = #{faultActionStatusCd}
	           <if test='attachFileNum != null'>
               <if test='attachFileNum > 0'>
               ,attach_file_num = #{attachFileNum}
               </if>
               </if>
         WHERE  onm_fault_id = #{onmFaultId}
	</update>
	
	<select id="readOomFaultDuplicationCheck" parameterType="com.adtcaps.tsop.onm.api.domain.OomFaultDto" resultType="com.adtcaps.tsop.onm.api.fault.domain.FaultDetailResultDto">
		SELECT  A.onm_fault_id
               ,A.tenant_id
               ,B.tenant_name
               ,A.onm_resource_category_cd
               ,C.onm_resource_category_cd_name
               ,A.onm_resource_name
               ,A.event_datetime
               ,A.onm_alarm_type_cd
               ,D.common_cd_val_name AS onm_alarm_type_name
               ,A.fault_content
               ,A.onm_alarm_grade_cd
               ,E.common_cd_val_name AS onm_alarm_grade_name
               ,A.fault_action_status_cd
               ,F.common_cd_val_name AS fault_action_status_name
               ,FORMAT(A.fault_release_datetime,'yyyyMMddHHmmss') AS fault_release_datetime
               ,A.register_id
               ,G.user_name AS register_name
               ,A.fault_occr_datetime
               ,A.alarm_notice_group_id
               ,H.alarm_notice_group_name
               ,A.attach_file_num
               ,I.attach_file_name
		  FROM (
		        SELECT  onm_fault_id
                       ,audit_datetime
                       ,audit_id
                       ,fault_occr_datetime
                       ,tenant_id
                       ,onm_alarm_event_id
                       ,event_datetime
                       ,onm_resource_category_cd
                       ,onm_resource_name
                       ,onm_alarm_type_cd
                       ,fault_content
                       ,onm_alarm_grade_cd
                       ,onm_alarm_cd
                       ,fault_action_status_cd
                       ,fault_release_datetime
                       ,alarm_notice_group_id
                       ,onm_fault_category_cd
                       ,register_id
                       ,attach_file_num
                  FROM  OOM_FAULT WITH(NOLOCK)
                 WHERE  onm_alarm_event_id = #{onmAlarmEventId}
                   AND  event_datetime = #{eventDatetime}
		       ) A
		       INNER JOIN
		       (
		        SELECT  tenant_id
		               ,tenant_name
		          FROM  OOM_TENANT WITH(NOLOCK)
                 WHERE  delete_yn = 'N'
		       ) B
		       ON (A.tenant_id = B.tenant_id)
		       INNER JOIN
		       (
		        SELECT  onm_resource_category_cd
		               ,onm_resource_category_cd_name
		          FROM  OOM_ONM_RESOURCE WITH(NOLOCK)
		       ) C
		       ON (A.onm_resource_category_cd = C.onm_resource_category_cd)
		       INNER JOIN
		       (
		        SELECT  common_cd_val
                       ,common_cd_val_name
		          FROM  OOM_COMMON_CODE_DETAIL WITH(NOLOCK)
                 WHERE  common_cd = 'onm_alarm_type_cd'
                   AND  effect_start_datetime <![CDATA[ <= ]]> FORMAT(GETDATE(),'yyyyMMddHHmmss')
                   AND  effect_end_datetime <![CDATA[ >= ]]> FORMAT(GETDATE(),'yyyyMMddHHmmss')
		       ) D
		       ON (A.onm_alarm_type_cd = D.common_cd_val)
		       INNER JOIN
		       (
		        SELECT  common_cd_val
                       ,common_cd_val_name
		          FROM  OOM_COMMON_CODE_DETAIL WITH(NOLOCK)
                 WHERE  common_cd = 'onm_alarm_grade_cd'
                   AND  effect_start_datetime <![CDATA[ <= ]]> FORMAT(GETDATE(),'yyyyMMddHHmmss')
                   AND  effect_end_datetime <![CDATA[ >= ]]> FORMAT(GETDATE(),'yyyyMMddHHmmss')
		       ) E
		       ON (A.onm_alarm_grade_cd = E.common_cd_val)
		       INNER JOIN
		       (
		        SELECT  common_cd_val
                       ,common_cd_val_name
		          FROM  OOM_COMMON_CODE_DETAIL WITH(NOLOCK)
                 WHERE  common_cd = 'fault_action_status_cd'
                   AND  effect_start_datetime <![CDATA[ <= ]]> FORMAT(GETDATE(),'yyyyMMddHHmmss')
                   AND  effect_end_datetime <![CDATA[ >= ]]> FORMAT(GETDATE(),'yyyyMMddHHmmss')
		       ) F
		       ON (A.fault_action_status_cd = F.common_cd_val)
		       LEFT OUTER JOIN
		       (
		        SELECT  user_id
                       ,user_name
		          FROM  OOM_USER WITH(NOLOCK)
		       ) G
		       ON (A.register_id = G.user_id)
		       LEFT OUTER JOIN
		       (
		        SELECT  alarm_notice_group_id
                       ,alarm_notice_group_name
		          FROM  OOM_ALARM_NOTICE_RECEIVE_GROUP WITH(NOLOCK)
                 WHERE  use_yn = 'Y'
		       ) H
		       ON (A.alarm_notice_group_id = H.alarm_notice_group_id)
		       LEFT OUTER JOIN
		       (
		        SELECT  attach_file_num
                       ,attach_file_name
		          FROM  OOM_ATTACH_FILE WITH(NOLOCK)
		       ) I
		       ON (A.attach_file_num = I.attach_file_num)
	</select>
	
	<select id="readFalutCountForAlarm" parameterType="com.adtcaps.tsop.onm.api.domain.OomFaultDto" resultType="java.lang.Integer">
		SELECT  COUNT(*) AS fault_count
          FROM  OOM_FAULT WITH(NOLOCK)
         WHERE  onm_alarm_event_id = #{onmAlarmEventId}
           AND  event_datetime = #{eventDatetime}
	</select>
	
</mapper>