<?xml version="1.0" encoding="UTF-8"?>
<!DOCTYPE mapper PUBLIC "-//mybatis.org//DTD Mapper 3.0//EN" "http://mybatis.org/dtd/mybatis-3-mapper.dtd">

<mapper namespace="com.adtcaps.tsop.onm.api.user.mapper.OomUserMapper">
	
	<select id="listUserForShortGrid" parameterType="com.adtcaps.tsop.onm.api.user.domain.UserForShortGridRequestDto" resultType="com.adtcaps.tsop.onm.api.user.domain.UserForShortGridResultDto">
		SELECT  A.user_id
               ,A.user_name
               ,A.contact_phone_num
               ,A.email_addr
               ,A.mgr_yn
               ,A.service_oper_yn
               ,A.tenant_id
               ,B.tenant_name
          FROM (
                SELECT  user_id
                       ,user_name
                       ,contact_phone_num
                       ,email_addr
                       ,mgr_yn
                       ,service_oper_yn
                       ,tenant_id
                  FROM  OOM_USER WITH(NOLOCK)
                 WHERE  use_yn = 'Y'
                   <if test='!"".equals(serviceOperYn)'>
                   AND  service_oper_yn = #{serviceOperYn}
                   </if>
                   <if test='!"".equals(searchKeyword)'>
                   AND  UPPER(user_name) LIKE CONCAT('%', UPPER(#{searchKeyword}), '%')
                   </if>
               ) A
               LEFT OUTER JOIN
		       (
		        SELECT  tenant_id
                       ,tenant_name
		          FROM  OOM_TENANT WITH(NOLOCK)
		         WHERE  delete_yn = 'N'
		       ) B
		       ON (A.tenant_id = B.tenant_id)
		ORDER
		    BY  A.user_name ASC
	</select>
	
	<select id="listPageUser" parameterType="com.adtcaps.tsop.onm.api.user.domain.UserGridRequestDto" resultType="com.adtcaps.tsop.onm.api.user.domain.UserGridResultDto">
		<include refid="PagingMapper.pagingPreSQL"/>
		SELECT  A.user_id
               ,A.user_name
               ,A.mgr_yn
               ,A.service_oper_yn
               ,FORMAT(A.audit_datetime, 'yyyy-MM-dd HH:mm:ss') AS audit_datetime
               ,FORMAT(A.login_datetime, 'yyyy-MM-dd HH:mm:ss') AS login_datetime
               ,A.use_yn
               ,A.lock_yn
               ,A.contact_phone_num
		  FROM (
		        SELECT  user_id
                       ,user_name
                       ,mgr_yn
                       ,service_oper_yn
                       ,audit_datetime
                       ,login_datetime
                       ,use_yn
                       ,lock_yn
                       ,contact_phone_num
                  FROM  OOM_USER WITH(NOLOCK)
                 WHERE  1 = 1
                 <!-- WHERE  audit_datetime BETWEEN CONVERT(DATETIME, #{fromDate}) AND CONVERT(DATETIME, #{toDate}) -->
                   <if test='!"".equals(useYn)'>
                   AND  use_yn = #{useYn}
                   </if>
                   <if test='!"".equals(searchKeyword)'>
                   AND (UPPER(user_id) LIKE CONCAT('%', UPPER(#{searchKeyword}), '%')  OR  
                        UPPER(user_name) LIKE CONCAT('%', UPPER(#{searchKeyword}), '%'))
                   </if>
		       ) A
		<if test='"".equals(orderBy)'>
		<include refid="PagingMapper.pagingPostSQL">
		    <property name="orderBy" value="audit_datetime DESC"/>
		</include>
		</if>
		<if test='!"".equals(orderBy)'>
		<include refid="PagingMapper.pagingPostSQL">
		    <property name="orderBy" value="${orderBy}"/>
		</include>
		</if>
	</select>
	
	<update id="updateUserPassword" parameterType="com.adtcaps.tsop.onm.api.domain.OomUserDto">
	    UPDATE  OOM_USER  
	       SET  audit_datetime = GETDATE()
	           ,audit_id = #{auditId}
	           ,use_yn = 'Y'
	           ,lock_yn = 'N'
	           ,login_password = PWDENCRYPT(#{loginPassword})
         WHERE  user_id = #{userId}
	</update>
	
	<select id="readUserDuplicationCheck" parameterType="com.adtcaps.tsop.onm.api.domain.OomUserDto" resultType="java.lang.Integer">
		SELECT  COUNT(*) AS user_count
		  FROM  OOM_USER WITH(NOLOCK)
		 WHERE  user_id = #{userId}
	</select>
	
	<select id="readUserPasswordEqualCheck" parameterType="com.adtcaps.tsop.onm.api.domain.OomUserDto" resultType="java.lang.Integer">
		SELECT  PWDCOMPARE(#{loginPassword}, login_password)
		  FROM  OOM_USER WITH(NOLOCK)
		 WHERE  user_id = #{userId}
	</select>
	
	<select id="readUserDuplicationServiceOper" parameterType="com.adtcaps.tsop.onm.api.domain.OomUserDto" resultType="java.lang.Integer">
		SELECT  COUNT(*) AS user_count
		  FROM  OOM_USER WITH(NOLOCK)
		 WHERE  tenant_id = #{tenantId}
		   AND  user_id != #{userId}
		   AND  service_oper_yn = 'Y'
		   AND  use_yn = 'Y'
	</select>
	
	<insert id="createOomUser" parameterType="com.adtcaps.tsop.onm.api.domain.OomUserDto">
		INSERT 
		  INTO  OOM_USER
		(
		  user_id
         ,audit_datetime
         ,audit_id
         ,user_name
         ,login_password
         ,use_yn
         ,contact_phone_num
         ,email_addr
         ,effect_start_datetime
         ,effect_end_datetime
         ,tenant_id
         ,mgr_yn
         ,service_oper_yn
         ,login_datetime
		)
		VALUES
		(
		  #{userId}
         ,GETDATE()
         ,#{auditId}
         ,#{userName}
         ,PWDENCRYPT(#{loginPassword})
         ,'Y'
         ,#{contactPhoneNum}
         ,#{emailAddr}
         ,FORMAT(GETDATE(),'yyyyMMddHHmmss')
         ,'99991231000000'
         ,#{tenantId}
         ,#{mgrYn}
         ,#{serviceOperYn}
         ,GETDATE()
		)
	</insert>
	
	<select id="readOomUser" parameterType="com.adtcaps.tsop.onm.api.domain.OomUserDto" resultType="com.adtcaps.tsop.onm.api.user.domain.UserDetailResultDto">
		SELECT  A.user_id
               ,A.user_name
               ,A.contact_phone_num
               ,A.email_addr
               ,A.tenant_id
               ,D.tenant_name
               ,A.mgr_yn
               ,A.service_oper_yn
               ,B.role_id
               ,C.role_name
               ,A.lock_yn
               ,A.use_yn
               ,FORMAT(A.login_datetime,'yyyy-MM-dd HH:mm:ss') AS login_datetime
		  FROM (
		        SELECT  user_id
                       ,user_name
                       ,contact_phone_num
                       ,email_addr
                       ,tenant_id
                       ,mgr_yn
                       ,service_oper_yn
                       ,lock_yn
                       ,login_datetime
                       ,use_yn
                  FROM  OOM_USER WITH(NOLOCK)
                 WHERE  user_id = #{userId}
		       ) A
		       LEFT OUTER JOIN
		       (
		        SELECT  user_id
		               ,role_id
		          FROM  OOM_USER_ROLE_DETAIL WITH(NOLOCK)
                 WHERE  user_id = #{userId}
		       ) B
		       ON (A.user_id = B.user_id)
		       LEFT OUTER JOIN
		       (
		        SELECT  role_id
		               ,role_name
		          FROM  OOM_USER_ROLE WITH(NOLOCK)
		       ) C
		       ON (B.role_id = C.role_id)
		       LEFT OUTER JOIN
		       (
		        SELECT  tenant_id
		               ,tenant_name
		          FROM  OOM_TENANT WITH(NOLOCK)
                 WHERE  delete_yn = 'N'
		       ) D
		       ON (A.tenant_id = D.tenant_id)
	</select>
	
	<update id="updateMyProfile" parameterType="com.adtcaps.tsop.onm.api.domain.OomUserDto">
	    UPDATE  OOM_USER
	       SET  audit_datetime = GETDATE()
	           ,audit_id = #{auditId}
	           ,user_name = #{userName}
	           ,contact_phone_num = #{contactPhoneNum}
	           ,email_addr = #{emailAddr}
         WHERE  user_id = #{userId}
	</update>
	
	<update id="updateOomUser" parameterType="com.adtcaps.tsop.onm.api.domain.OomUserDto">
	    UPDATE  OOM_USER
	       SET  audit_datetime = GETDATE()
	           ,audit_id = #{auditId}
	           ,user_name = #{userName}
	           ,contact_phone_num = #{contactPhoneNum}
	           ,email_addr = #{emailAddr}
	           ,mgr_yn = #{mgrYn}
	           ,service_oper_yn = #{serviceOperYn}
	           <if test='"Y".equals(@org.apache.commons.lang3.StringUtils@defaultString(serviceOperYn))'>
	           ,tenant_id = #{tenantId}
	           </if>
	           <if test='!"Y".equals(@org.apache.commons.lang3.StringUtils@defaultString(serviceOperYn))'>
	           ,tenant_id = null
	           </if>
         WHERE  user_id = #{userId}
	</update>
	
	<delete id="deleteOomUser" parameterType="com.adtcaps.tsop.onm.api.domain.OomUserDto">
	    UPDATE  OOM_USER  
	       SET  audit_datetime = GETDATE()
	           ,audit_id = #{auditId}
	           ,use_yn = 'N'
         WHERE  user_id = #{userId}
	</delete>
	
	<select id="readServiceOperUserInfoForTenantId" parameterType="com.adtcaps.tsop.onm.api.domain.OomUserDto" resultType="com.adtcaps.tsop.onm.api.domain.OomUserDto">
		SELECT  user_id
		  FROM  OOM_USER WITH(NOLOCK)
		 WHERE  tenant_id = #{tenantId}
		   AND  service_oper_yn = 'Y'
		   AND  use_yn = 'Y'
	</select>
	
	
	<!-- ========================== scheduler ========================== -->	
	
	<update id="updateOomUserLockYn">
		UPDATE OOM_USER
		   SET lock_yn = 'Y'
		 WHERE ISNULL(login_datetime, audit_datetime ) <![CDATA[ <= ]]> DATEADD(DAY,-90,GETDATE())
		   AND lock_yn <![CDATA[ <> ]]> 'Y'
	</update>

</mapper>