<?xml version="1.0" encoding="UTF-8"?>
<!DOCTYPE mapper PUBLIC "-//mybatis.org//DTD Mapper 3.0//EN" "http://mybatis.org/dtd/mybatis-3-mapper.dtd">

<mapper namespace="com.adtcaps.tsop.onm.api.user.mapper.OomUserRoleAuthorityDetailMapper">
	
	<insert id="createOomUserRoleAuthorityDetail" parameterType="com.adtcaps.tsop.onm.api.domain.OomUserRoleAuthorityDetailDto">
		INSERT 
		  INTO  OOM_USER_ROLE_AUTHORITY_DETAIL
		(
		  role_id
         ,menu_id
         ,audit_datetime
         ,audit_id
         ,authority_type_cd
		)
		VALUES
		(
		  #{roleId}
         ,#{menuId}
         ,GETDATE()
         ,#{auditId}
         ,#{authorityTypeCd}
		)
	</insert>
	
	<select id="listRoleMenuTree" parameterType="com.adtcaps.tsop.onm.api.domain.OomUserRoleAuthorityDetailDto" resultType="com.adtcaps.tsop.onm.api.user.domain.RoleMenuTreeResultDto">
		WITH TREE_TBL AS 
        (
         SELECT  menu_id
                ,super_menu_id
                ,menu_name
                ,menu_level_val
                ,CONVERT(VARCHAR(255), sort_seq) AS sort
                ,CONVERT(VARCHAR(255), menu_name) full_menu_name 
           FROM  OOM_MENU WITH(NOLOCK) 
          WHERE  super_menu_id IS NULL
            AND  use_yn = 'Y' 
         UNION ALL 
         SELECT  B.menu_id
                ,B.super_menu_id
                ,B.menu_name
                ,B.menu_level_val
                ,CONVERT(VARCHAR(255), CONVERT(NVARCHAR, C.sort) + '>' + CONVERT(VARCHAR(255), B.sort_seq)) AS sort 
                ,CONVERT(VARCHAR(255), CONVERT(NVARCHAR, C.full_menu_name) + '>' + CONVERT(VARCHAR(255), B.menu_name)) AS full_menu_name 
           FROM  OOM_MENU B
                ,TREE_TBL C 
          WHERE  B.super_menu_id = C.menu_id
            AND  B.use_yn = 'Y'
        ) 
        SELECT  menu_id
               ,super_menu_id
               ,menu_name
               ,menu_level_val
               ,full_menu_name
               ,(SELECT  A.authority_type_cd
                   FROM  OOM_USER_ROLE_AUTHORITY_DETAIL A
                  WHERE  A.role_id = #{roleId}
                    AND  A.menu_id = TREE_TBL.menu_id
                ) AS authority_type_cd
          FROM  TREE_TBL
         ORDER
            BY  sort ASC
	</select>
	
	<delete id="deleteOomUserRoleAuthorityDetail" parameterType="com.adtcaps.tsop.onm.api.domain.OomUserRoleAuthorityDetailDto">
	    DELETE  
	      FROM  OOM_USER_ROLE_AUTHORITY_DETAIL
         WHERE  role_id = #{roleId}
	</delete>
	
	<select id="readRoleMenuAuthority" parameterType="com.adtcaps.tsop.onm.api.user.domain.UserRoleMenuAuthorityRequestDto" resultType="com.adtcaps.tsop.onm.api.domain.OomUserRoleAuthorityDetailDto">
		SELECT  B.authority_type_cd
		  FROM (
		        SELECT  TOP 1
		                role_id
                  FROM  OOM_USER_ROLE_DETAIL WITH(NOLOCK)
                 WHERE  user_id = #{userId}
		       ) A
		       INNER JOIN
		       (
		        SELECT  role_id
		               ,authority_type_cd
                  FROM  OOM_USER_ROLE_AUTHORITY_DETAIL WITH(NOLOCK)
                 WHERE  menu_id =  #{menuId}
		       ) B
		       ON (A.role_id = B.role_id)
	</select>
	
</mapper>