<?xml version="1.0" encoding="UTF-8"?>
<!DOCTYPE mapper PUBLIC "-//mybatis.org//DTD Mapper 3.0//EN" "http://mybatis.org/dtd/mybatis-3-mapper.dtd">

<mapper namespace="com.adtcaps.tsop.onm.api.user.mapper.OomUserRoleMapper">
	
	<select id="listUserRoleForCombo" resultType="com.adtcaps.tsop.onm.api.user.domain.UserRoleForComboResultDto">
		SELECT  role_id
               ,role_name
          FROM  OOM_USER_ROLE WITH(NOLOCK)
         ORDER
            BY  role_id ASC
	</select>
	
	<select id="listPageUserRole" parameterType="com.adtcaps.tsop.onm.api.helper.domain.BasePageDto" resultType="com.adtcaps.tsop.onm.api.user.domain.UserRoleGridResultDto">
		<include refid="PagingMapper.pagingPreSQL"/>
		SELECT  A.role_id
               ,A.role_name
               ,B.user_name AS audit_name
               ,FORMAT(A.audit_datetime, 'yyyy-MM-dd HH:mm:ss') AS audit_datetime
		  FROM (
		        SELECT  role_id
                       ,role_name
                       ,audit_id
                       ,audit_datetime
                  FROM  OOM_USER_ROLE WITH(NOLOCK)
		       ) A
		       LEFT OUTER JOIN
		       (
		        SELECT  user_id
		               ,user_name
		          FROM  OOM_USER WITH(NOLOCK)
                 WHERE  use_yn = 'Y'
		       ) B
		       ON (A.audit_id = B.user_id)
		<if test='"".equals(orderBy)'>
		<include refid="PagingMapper.pagingPostSQL">
		    <property name="orderBy" value="role_id ASC"/>
		</include>
		</if>
		<if test='!"".equals(orderBy)'>
		<include refid="PagingMapper.pagingPostSQL">
		    <property name="orderBy" value="${orderBy}"/>
		</include>
		</if>
	</select>
	
	<select id="readUserRoleDuplicationByName" parameterType="com.adtcaps.tsop.onm.api.domain.OomUserRoleDto" resultType="java.lang.Integer">
		SELECT  COUNT(*) AS user_role_count
		  FROM  OOM_USER_ROLE WITH(NOLOCK)
		 WHERE  role_name = #{roleName}
		   <if test='roleId != null'>
		   <if test='!"".equals(roleId)'>
		   AND  role_id != #{roleId}
		   </if>
		   </if>
	</select>
	
	<insert id="createOomUserRole" parameterType="com.adtcaps.tsop.onm.api.domain.OomUserRoleDto">
		<selectKey resultType="java.lang.String" keyProperty="roleId" order="BEFORE">
        SELECT  REPLICATE('0', 4 - LEN(CONVERT(VARCHAR, NEXT VALUE FOR OOM_USER_ROLE_S1))) + CONVERT(VARCHAR, NEXT VALUE FOR OOM_USER_ROLE_S1) AS roleId
		</selectKey>
		INSERT 
		  INTO  OOM_USER_ROLE
		(
		  role_id
         ,audit_datetime
         ,audit_id
         ,role_name
         ,role_desc
		)
		VALUES
		(
		  #{roleId}
         ,GETDATE()
         ,#{auditId}
         ,#{roleName}
         ,#{roleDesc}
		)
	</insert>
	
	<select id="readOomUserRole" parameterType="com.adtcaps.tsop.onm.api.domain.OomUserRoleDto" resultType="com.adtcaps.tsop.onm.api.domain.OomUserRoleDto">
		SELECT  role_id
               ,role_name
		  FROM  OOM_USER_ROLE
		 WHERE  role_id = #{roleId}
	</select>
	
	<update id="updateOomUserRole" parameterType="com.adtcaps.tsop.onm.api.domain.OomUserRoleDto">
	    UPDATE  OOM_USER_ROLE
	       SET  audit_datetime = GETDATE()
	           ,audit_id = #{auditId}
	           ,role_name = #{roleName}
         WHERE  role_id = #{roleId}
	</update>
	
	<delete id="deleteOomUserRole" parameterType="com.adtcaps.tsop.onm.api.domain.OomUserRoleDto">
	    DELETE  
	      FROM  OOM_USER_ROLE
         WHERE  role_id = #{roleId}
	</delete>
	
</mapper>