<?xml version="1.0" encoding="UTF-8"?>
<!DOCTYPE mapper PUBLIC "-//mybatis.org//DTD Mapper 3.0//EN" "http://mybatis.org/dtd/mybatis-3-mapper.dtd">

<mapper namespace="com.adtcaps.tsop.onm.api.board.mapper.OomBulletinboardAlarmNoticeMapper">
	
	<insert id="createOomBulletinboardAlarmNotice" parameterType="com.adtcaps.tsop.onm.api.domain.OomBulletinboardAlarmNoticeDto">
		<selectKey resultType="java.lang.Integer" keyProperty="transSeq" order="BEFORE">
        SELECT  NEXT VALUE FOR OOM_BULLETINBOARD_ALARM_NOTICE_S1 AS transSeq
		</selectKey>
		INSERT 
		  INTO  OOM_BULLETINBOARD_ALARM_NOTICE
		(
		  bulletin_type_cd
         ,bulletin_num
         ,trans_seq
         ,audit_datetime
         ,audit_id
         ,alarm_notice_method_cl_cd
         ,alarm_notice_result_cd
         ,trans_datetime
		)
		VALUES
		(
		  #{bulletinTypeCd}
         ,#{bulletinNum}
         ,#{transSeq}
         ,GETDATE()
         ,#{auditId}
         ,#{alarmNoticeMethodClCd}
         ,#{alarmNoticeResultCd}
         ,FORMAT(GETDATE(),'yyyyMMddHHmmss')
		)
	</insert>
	
	<delete id="deleteOomBulletinboardAlarmNotice" parameterType="com.adtcaps.tsop.onm.api.domain.OomBulletinboardDto">
		DELETE  
		  FROM  OOM_BULLETINBOARD_ALARM_NOTICE
		 WHERE  bulletin_type_cd = #{bulletinTypeCd}
		   AND  bulletin_num = #{bulletinNum}
	</delete>
	
	
	<select id="readBulletinboardAlarmNotice" parameterType="com.adtcaps.tsop.onm.api.domain.OomBulletinboardAlarmNoticeDto" resultType="com.adtcaps.tsop.onm.api.send.domain.AlarmNoticeSendDetailResultDto">
		SELECT  A.bulletin_type_cd
               ,A.bulletin_num
               ,A.trans_seq
               ,A.trans_datetime
               ,B.bulletin_title_name AS msg_title_name
               ,CONCAT('[SUM!TS 공지사항 등록]', CHAR(13)+CHAR(10), '"', B.bulletin_title_name, '" 공지가 등록되었습니다.') AS msg_content
               ,A.alarm_notice_result_cd
               ,C.common_cd_val_name AS alarm_notice_result_name
               ,A.alarm_notice_method_cl_cd
		  FROM (
		        SELECT  bulletin_type_cd
                       ,bulletin_num
                       ,trans_seq
                       ,alarm_notice_method_cl_cd
                       ,alarm_notice_result_cd
                       ,trans_datetime
                  FROM  OOM_BULLETINBOARD_ALARM_NOTICE WITH(NOLOCK)
                 WHERE  bulletin_type_cd = #{bulletinTypeCd}
                   AND  bulletin_num = #{bulletinNum}
                   AND  trans_seq = #{transSeq}
		       ) A
		       INNER JOIN
		       (
		        SELECT  bulletin_type_cd
                       ,bulletin_num
                       ,bulletin_title_name
		          FROM  OOM_BULLETINBOARD WITH(NOLOCK)
		       ) B
		       ON (A.bulletin_type_cd = B.bulletin_type_cd  AND  
		           A.bulletin_num = B.bulletin_num)
		       INNER JOIN
		       (
		        SELECT  common_cd_val
                       ,common_cd_val_name
		          FROM  OOM_COMMON_CODE_DETAIL WITH(NOLOCK)
                 WHERE  common_cd = 'alarm_notice_result_cd'
                   AND  effect_start_datetime <![CDATA[ <= ]]> FORMAT(GETDATE(),'yyyyMMddHHmmss')
                   AND  effect_end_datetime <![CDATA[ >= ]]> FORMAT(GETDATE(),'yyyyMMddHHmmss')
		       ) C
		       ON (A.alarm_notice_result_cd = C.common_cd_val)
	</select>
	
</mapper>