<?xml version="1.0" encoding="UTF-8"?>
<!DOCTYPE mapper PUBLIC "-//mybatis.org//DTD Mapper 3.0//EN" "http://mybatis.org/dtd/mybatis-3-mapper.dtd">

<mapper namespace="com.adtcaps.tsop.onm.api.board.mapper.OomBulletinboardMapper">
	<select id="listPageBulletinboard" parameterType="com.adtcaps.tsop.onm.api.board.domain.BulletinboardGridRequestDto" resultType="com.adtcaps.tsop.onm.api.board.domain.BulletinboardGridResultDto">
		<include refid="PagingMapper.pagingPreSQL"/>
		SELECT  A.bulletin_num
               ,A.bulletin_type_cd
               ,A.bulletin_cl_cd
               ,B.common_cd_val_name AS bulletin_cl_name
               ,A.bulletin_title_name
               ,A.attach_file_num
               ,A.delete_yn
               ,A.bulletin_start_datetime
               ,A.bulletin_end_datetime
               ,C.user_name AS register_name
               ,A.regist_datetime
               ,A.browse_cnt
               ,FORMAT(A.audit_datetime, 'yyyy-MM-dd HH:mm:ss') AS audit_datetime
		  FROM (
		        SELECT  bulletin_type_cd
		               ,bulletin_num
                       ,bulletin_cl_cd
                       ,bulletin_title_name
                       ,attach_file_num
                       ,delete_yn
                       ,bulletin_start_datetime
                       ,bulletin_end_datetime
                       ,regist_datetime
                       ,register_id
                       ,browse_cnt
                       ,audit_datetime
                  FROM  OOM_BULLETINBOARD WITH(NOLOCK)
                 WHERE  bulletin_type_cd = #{bulletinTypeCd}
                   AND  regist_datetime BETWEEN #{fromDate} AND #{toDate}
                   AND  delete_yn = 'N'
                   <if test='!"".equals(bulletinClCd)'>
                   AND  bulletin_cl_cd = #{bulletinClCd}
                   </if>
                   <if test='!"".equals(searchKeyword)'>
                   AND (UPPER(bulletin_title_name) LIKE CONCAT('%', UPPER(#{searchKeyword}), '%')
                     OR UPPER(CONVERT(VARCHAR(MAX), bulletin_content)) LIKE CONCAT('%', UPPER(#{searchKeyword}), '%')
                       )
                   </if>
		       ) A
		       LEFT OUTER JOIN
		       (
		        SELECT  common_cd_val
                       ,common_cd_val_name
		          FROM  OOM_COMMON_CODE_DETAIL WITH(NOLOCK)
                 WHERE  common_cd = 'bulletin_cl_cd'
                   AND  effect_start_datetime <![CDATA[ <= ]]> FORMAT(GETDATE(),'yyyyMMddHHmmss')
                   AND  effect_end_datetime <![CDATA[ >= ]]> FORMAT(GETDATE(),'yyyyMMddHHmmss')
                   <if test='!"".equals(bulletinClCd)'>
                   AND  common_cd_val = #{bulletinClCd}
                   </if>
		       ) B
		       ON (A.bulletin_cl_cd = B.common_cd_val)
		       LEFT OUTER JOIN
		       (
		        SELECT  user_id
		               ,user_name
		          FROM  OOM_USER WITH(NOLOCK)
		       ) C
		       ON (A.register_id = C.user_id)
		<if test='"".equals(orderBy)'>
		<include refid="PagingMapper.pagingPostSQL">
		    <property name="orderBy" value="audit_datetime DESC"/>
		</include>
		</if>
		<if test='!"".equals(orderBy)'>
		<include refid="PagingMapper.pagingPostSQL">
		    <property name="orderBy" value="${orderBy}"/>
		</include>
		</if>
	</select>
	
	<insert id="createOomBulletinboard" parameterType="com.adtcaps.tsop.onm.api.domain.OomBulletinboardDto">
		<selectKey resultType="java.lang.Integer" keyProperty="bulletinNum" order="BEFORE">
        SELECT  NEXT VALUE FOR OOM_BULLETINBOARD_S1 AS bulletinNum
		</selectKey>
		INSERT 
		  INTO  OOM_BULLETINBOARD
		(
		  bulletin_type_cd
         ,bulletin_num
         ,audit_datetime
         ,audit_id
         ,bulletin_cl_cd
         ,bulletin_title_name
         ,bulletin_content
         ,register_id
         ,regist_datetime
         ,super_bulletin_num
         ,bulletin_start_datetime
         ,bulletin_end_datetime
         ,browse_cnt
         ,delete_yn
         ,attach_file_num
         ,top_bulletin_yn
         ,sms_alarm_notice_yn
         ,push_alarm_notice_yn
		)
		VALUES
		(
		  #{bulletinTypeCd}
		 ,#{bulletinNum}
         ,GETDATE()
         ,#{auditId}
         ,#{bulletinClCd}
         ,#{bulletinTitleName}
         ,#{bulletinContent}
         ,#{registerId}
         ,FORMAT(GETDATE(),'yyyyMMddHHmmss')
         ,#{superBulletinNum}
         ,#{bulletinStartDatetime}
         ,#{bulletinEndDatetime}
         ,0
         ,'N'
         ,#{attachFileNum}
         ,'N'
         ,#{smsAlarmNoticeYn}
         ,'N'
		)
	</insert>
	
	<select id="readOomBulletinboard" parameterType="com.adtcaps.tsop.onm.api.domain.OomBulletinboardDto" resultType="com.adtcaps.tsop.onm.api.board.domain.BulletinboardDetailResultDto">
		SELECT  A.bulletin_num
               ,A.bulletin_type_cd
               ,A.bulletin_cl_cd
               ,B.common_cd_val_name AS bulletin_cl_name
               ,A.bulletin_title_name
               ,A.bulletin_content
               ,A.bulletin_start_datetime
               ,A.bulletin_end_datetime
               ,A.push_alarm_notice_yn
               ,A.sms_alarm_notice_yn
               ,A.attach_file_num
               ,C.attach_file_name
               ,A.register_id
		  FROM (
		        SELECT  bulletin_num
                       ,bulletin_type_cd
                       ,bulletin_cl_cd
                       ,bulletin_title_name
                       ,bulletin_content
                       ,FORMAT(CONVERT(DATETIME, STUFF(STUFF(STUFF(bulletin_start_datetime,13,0,':'),11,0,':'),9,0,' ')), 'yyyy-MM-dd HH:mm:ss') AS bulletin_start_datetime
                       ,FORMAT(CONVERT(DATETIME, STUFF(STUFF(STUFF(bulletin_end_datetime,13,0,':'),11,0,':'),9,0,' ')), 'yyyy-MM-dd HH:mm:ss') AS bulletin_end_datetime
                       ,push_alarm_notice_yn
                       ,sms_alarm_notice_yn
                       ,attach_file_num
                       ,register_id
                  FROM  OOM_BULLETINBOARD WITH(NOLOCK)
                 WHERE  bulletin_type_cd = #{bulletinTypeCd}
                   AND  bulletin_num = #{bulletinNum}
                   AND  delete_yn = 'N'
		       ) A
		       LEFT OUTER JOIN
		       (
		        SELECT  common_cd_val
                       ,common_cd_val_name
		          FROM  OOM_COMMON_CODE_DETAIL WITH(NOLOCK)
                 WHERE  common_cd = 'bulletin_cl_cd'
                   AND  effect_start_datetime <![CDATA[ <= ]]> FORMAT(GETDATE(),'yyyyMMddHHmmss')
                   AND  effect_end_datetime <![CDATA[ >= ]]> FORMAT(GETDATE(),'yyyyMMddHHmmss')
		       ) B
		       ON (A.bulletin_cl_cd = B.common_cd_val)
		       LEFT OUTER JOIN
		       (
		        SELECT  attach_file_num
		               ,attach_file_name
		          FROM  OOM_ATTACH_FILE WITH(NOLOCK)
		       ) C
		       ON (A.attach_file_num = C.attach_file_num)
	</select>
	
	<select id="readOomBulletinboardAttachFile" parameterType="com.adtcaps.tsop.onm.api.domain.OomBulletinboardDto" resultType="com.adtcaps.tsop.onm.api.board.domain.BulletinboardDetailResultDto">
		SELECT  A.attach_file_num
		  FROM (
		        SELECT  bulletin_num
                       ,bulletin_type_cd
                       ,attach_file_num
                  FROM  OOM_BULLETINBOARD WITH(NOLOCK)
                 WHERE  bulletin_type_cd = #{bulletinTypeCd}
                   AND  bulletin_num = #{bulletinNum}
                   AND  delete_yn = 'N'
		       ) A
		       INNER JOIN
		       (
		        SELECT  attach_file_num
		               ,attach_file_name
		          FROM  OOM_ATTACH_FILE WITH(NOLOCK)
		       ) B
		       ON (A.attach_file_num = B.attach_file_num)
	</select>
	
	<update id="updateBrowseCnt" parameterType="com.adtcaps.tsop.onm.api.domain.OomBulletinboardDto">
	    UPDATE  OOM_BULLETINBOARD
	       SET  browse_cnt = browse_cnt + 1
         WHERE  bulletin_type_cd = #{bulletinTypeCd}
           AND  bulletin_num = #{bulletinNum}
	</update>
	
	<update id="updateBulletinboardAttachFileNum" parameterType="com.adtcaps.tsop.onm.api.domain.OomBulletinboardDto">
	    UPDATE  OOM_BULLETINBOARD
	       SET  attach_file_num = #{attachFileNum}
         WHERE  bulletin_type_cd = #{bulletinTypeCd}
           AND  bulletin_num = #{bulletinNum}
	</update>
	
	<update id="updateOomBulletinboard" parameterType="com.adtcaps.tsop.onm.api.domain.OomBulletinboardDto">
	    UPDATE  OOM_BULLETINBOARD
	       SET  audit_datetime = GETDATE()
	           ,audit_id = #{auditId}
	           ,bulletin_cl_cd = #{bulletinClCd}
	           ,bulletin_title_name = #{bulletinTitleName}
	           ,bulletin_content = #{bulletinContent}
	           ,bulletin_start_datetime = #{bulletinStartDatetime}
	           ,bulletin_end_datetime = #{bulletinEndDatetime}
	           ,sms_alarm_notice_yn = #{smsAlarmNoticeYn}
	           <if test='attachFileNum != null'>
               <if test='attachFileNum > 0'>
               ,attach_file_num = #{attachFileNum}
               </if>
               </if>
         WHERE  bulletin_type_cd = #{bulletinTypeCd}
           AND  bulletin_num = #{bulletinNum}
	</update>
	
	<update id="deleteOomBulletinboard" parameterType="com.adtcaps.tsop.onm.api.domain.OomBulletinboardDto">
	    UPDATE  OOM_BULLETINBOARD
	       SET  delete_yn = 'Y'
	           ,audit_id = #{auditId}
	           ,audit_datetime = GETDATE()
         WHERE  bulletin_type_cd = #{bulletinTypeCd}
           AND  bulletin_num = #{bulletinNum}
	</update>
	
</mapper>