<?xml version="1.0" encoding="UTF-8"?>
<!DOCTYPE mapper PUBLIC "-//mybatis.org//DTD Mapper 3.0//EN" "http://mybatis.org/dtd/mybatis-3-mapper.dtd">

<mapper namespace="com.adtcaps.tsop.onm.api.card.mapper.OomTenantDashboardCardMapper">
	
	<select id="listPageTenantDashboardCard" parameterType="com.adtcaps.tsop.onm.api.card.domain.TenantDashboardCardGridRequestDto" resultType="com.adtcaps.tsop.onm.api.card.domain.TenantDashboardCardGridResultDto">
		<include refid="PagingMapper.pagingPreSQL"/>
		SELECT  A.tenant_id
               ,B.tenant_name
               ,A.service_card_id
               ,A.service_card_name
               ,A.popup_width_size
               ,A.popup_length_size
               ,A.service_card_web_url_addr
               ,A.service_cl_cd
               ,D.common_cd_val_name AS service_cl_name
               ,A.use_yn
               ,A.groupmgmt_page_yn
               ,A.menu_expose_yn
               ,A.register_id
               ,C.user_name AS register_name
               ,A.regist_datetime
               ,FORMAT(A.audit_datetime, 'yyyy-MM-dd HH:mm:ss') AS audit_datetime
		  FROM (
		        SELECT  tenant_id
                       ,service_card_id
                       ,audit_datetime
                       ,audit_id
                       ,service_card_name
                       ,service_card_web_url_addr
                       ,service_cl_cd
                       ,popup_width_size
                       ,popup_length_size
                       ,groupmgmt_page_yn
                       ,use_yn
                       ,menu_expose_yn
                       ,regist_datetime
                       ,register_id
                  FROM  OOM_TENANT_DASHBOARD_CARD WITH(NOLOCK)
                 WHERE  1 = 1
                   <if test='!"".equals(tenantId)'>
                   AND  tenant_id = #{tenantId}
                   </if>
                   <if test='!"".equals(useYn)'>
                   AND  use_yn = #{useYn}
                   </if>
                   <if test='!"".equals(groupmgmtPageYn)'>
                   AND  groupmgmt_page_yn = #{groupmgmtPageYn}
                   </if>
                   <if test='!"".equals(searchKeyword)'>
                   AND UPPER(service_card_name) LIKE CONCAT('%', UPPER(#{searchKeyword}), '%')
                   </if>
                   <if test='!"".equals(urlSearchKeyword)'>
                   AND UPPER(service_card_web_url_addr) LIKE CONCAT('%', UPPER(#{urlSearchKeyword}), '%')
                   </if>
		       ) A
		       INNER JOIN
		       (
		        SELECT  tenant_id
		               ,tenant_name
		          FROM  OOM_TENANT WITH(NOLOCK)
                 WHERE  delete_yn = 'N'
		       ) B
		       ON (A.tenant_id = B.tenant_id)
		       LEFT OUTER JOIN
		       (
		        SELECT  user_id
		               ,user_name
		          FROM  OOM_USER WITH(NOLOCK)
		       ) C
		       ON (A.register_id = C.user_id)
		       INNER JOIN
		       (
		        SELECT  common_cd_val
                       ,common_cd_val_name
		          FROM  OOM_COMMON_CODE_DETAIL WITH(NOLOCK)
                 WHERE  common_cd = 'service_cl_cd'
		       ) D
		       ON (A.service_cl_cd = D.common_cd_val)
		<if test='"".equals(orderBy)'>
		<include refid="PagingMapper.pagingPostSQL">
		    <property name="orderBy" value="audit_datetime DESC"/>
		</include>
		</if>
		<if test='!"".equals(orderBy)'>
		<include refid="PagingMapper.pagingPostSQL">
		    <property name="orderBy" value="${orderBy}"/>
		</include>
		</if>
	</select>
	
	<insert id="createOomTenantDashboardCard" parameterType="com.adtcaps.tsop.onm.api.domain.OomTenantDashboardCardDto">
		<selectKey resultType="java.lang.String" keyProperty="serviceCardId" order="BEFORE">
        SELECT (
                SELECT  'D' + REPLICATE('0', 4 - LEN(CONVERT(VARCHAR, ISNULL(MAX(CONVERT(INT, SUBSTRING(service_card_id, 2, LEN(service_card_id)))), 0) + 1)))
                        + CONVERT(VARCHAR, ISNULL(MAX(CONVERT(INT, SUBSTRING(service_card_id, 2, LEN(service_card_id)))), 0) + 1)
                  FROM  OOM_TENANT_DASHBOARD_CARD
                 WHERE  tenant_id = #{tenantId}
               ) AS serviceCardId
		</selectKey>
		INSERT 
		  INTO  OOM_TENANT_DASHBOARD_CARD
		(
		  tenant_id
         ,service_card_id
         ,audit_datetime
         ,audit_id
         ,service_card_name
         ,service_card_web_url_addr
         ,service_cl_cd
         <if test='popupWidthSize != null'>
         ,popup_width_size
         </if>
         <if test='popupLengthSize != null'>
         ,popup_length_size
         </if>
         ,groupmgmt_page_yn
         ,use_yn
         ,menu_expose_yn
         ,regist_datetime
         ,register_id
		)
		VALUES
		(
		  #{tenantId}
		 ,#{serviceCardId}
         ,GETDATE()
         ,#{auditId}
         ,#{serviceCardName}
         ,#{serviceCardWebUrlAddr}
         ,#{serviceClCd}
         <if test='popupWidthSize != null'>
         ,#{popupWidthSize}
         </if>
         <if test='popupLengthSize != null'>
         ,#{popupLengthSize}
         </if>
         ,#{groupmgmtPageYn}
         ,'Y'
         ,'Y'
         ,FORMAT(GETDATE(),'yyyyMMddHHmmss')
         ,#{registerId}
		)
	</insert>
	
	
	<select id="readOomTenantDashboardCard" parameterType="com.adtcaps.tsop.onm.api.domain.OomTenantDashboardCardDto" resultType="com.adtcaps.tsop.onm.api.card.domain.TenantDashboardCardDetailResultDto">
		SELECT  A.tenant_id
               ,A.service_card_id
               ,A.service_card_name
               ,A.service_card_web_url_addr
               ,A.service_cl_cd
               ,A.popup_width_size
               ,A.popup_length_size
               ,A.groupmgmt_page_yn
               ,A.use_yn
               ,A.menu_expose_yn
               ,A.regist_datetime
               ,B.user_name AS register_name
		  FROM (
		        SELECT  tenant_id
                       ,service_card_id
                       ,audit_datetime
                       ,audit_id
                       ,service_card_name
                       ,service_card_web_url_addr
                       ,service_cl_cd
                       ,popup_width_size
                       ,popup_length_size
                       ,groupmgmt_page_yn
                       ,use_yn
                       ,menu_expose_yn
                       ,regist_datetime
                       ,register_id
                  FROM  OOM_TENANT_DASHBOARD_CARD WITH(NOLOCK)
                 WHERE  tenant_id = #{tenantId}
                   AND  service_card_id = #{serviceCardId}
		       ) A
		       LEFT OUTER JOIN
		       (
		        SELECT  user_id
		               ,user_name
		          FROM  OOM_USER WITH(NOLOCK)
		       ) B
		       ON (A.register_id = B.user_id)
	</select>
	
	<update id="updateOomTenantDashboardCard" parameterType="com.adtcaps.tsop.onm.api.domain.OomTenantDashboardCardDto">
	    UPDATE  OOM_TENANT_DASHBOARD_CARD
	       SET  audit_datetime = GETDATE()
	           ,audit_id = #{auditId}
	           ,service_card_name = #{serviceCardName}
	           ,service_card_web_url_addr = #{serviceCardWebUrlAddr}
	           ,service_cl_cd = #{serviceClCd}
	           <if test='popupWidthSize != null'>
	           ,popup_width_size = #{popupWidthSize}
	           </if>
	           <if test='popupLengthSize != null'>
	           ,popup_length_size = #{popupLengthSize}
	           </if>
	           ,groupmgmt_page_yn = #{groupmgmtPageYn}
         WHERE  tenant_id = #{tenantId}
           AND  service_card_id = #{serviceCardId}
	</update>
	
	<delete id="deleteOomTenantDashboardCard" parameterType="com.adtcaps.tsop.onm.api.domain.OomTenantDashboardCardDto">
	    DELETE  
	      FROM  OOM_TENANT_DASHBOARD_CARD
         WHERE  tenant_id = #{tenantId}
           AND  service_card_id = #{serviceCardId}
	</delete>
	
	<select id="readTTenantDashboardCardSameCardNameCount" parameterType="com.adtcaps.tsop.onm.api.domain.OomTenantDashboardCardDto" resultType="java.lang.Integer">
		SELECT  COUNT(*) AS card_count
		  FROM  OOM_TENANT_DASHBOARD_CARD WITH(NOLOCK)
         WHERE  tenant_id = #{tenantId}
           AND  service_card_name = #{serviceCardName}
           <if test='serviceCardId != null'>
           <if test='!"".equals(serviceCardId)'>
           AND  service_card_id != #{serviceCardId}
           </if>
           </if>
	</select>
	
</mapper>