<?xml version="1.0" encoding="UTF-8"?>
<!DOCTYPE mapper PUBLIC "-//mybatis.org//DTD Mapper 3.0//EN" "http://mybatis.org/dtd/mybatis-3-mapper.dtd">

<mapper namespace="com.adtcaps.tsop.onm.api.code.mapper.OomCommonCodeDetailMapper">
	
	<select id="listCommonCodeDetail" parameterType="com.adtcaps.tsop.onm.api.domain.OomCommonCodeDetailDto" resultType="com.adtcaps.tsop.onm.api.code.domain.CommonCodeDetailGridResultDto">
		SELECT  ROW_NUMBER() OVER(ORDER BY A.sort_seq ASC) AS row_num
               ,A.common_cd
               ,A.common_cd_val
               ,A.common_cd_val_name
               ,A.common_cd_val_desc
               ,A.effect_start_datetime
               ,A.effect_end_datetime
               ,A.sort_seq
               ,A.super_common_cd
               ,B.common_cd_name AS super_common_cd_name
               ,A.super_common_cd_val
               ,C.common_cd_val_name AS super_common_cd_val_name
		  FROM (
		        SELECT  common_cd
                       ,common_cd_val
                       ,audit_datetime
                       ,audit_id
                       ,common_cd_val_name
                       ,common_cd_val_desc
                       ,effect_start_datetime
                       ,effect_end_datetime
                       ,sort_seq
                       ,super_common_cd
                       ,super_common_cd_val
                  FROM  OOM_COMMON_CODE_DETAIL WITH(NOLOCK)
                 WHERE  common_cd = #{commonCd}
		       ) A
		       LEFT OUTER JOIN
		       (
		        SELECT  common_cd
		               ,common_cd_name
		          FROM  OOM_COMMON_CODE WITH(NOLOCK)
		       ) B
		       ON (A.super_common_cd = B.common_cd)
		       LEFT OUTER JOIN
		       (
		        SELECT  common_cd
		               ,common_cd_val
                       ,common_cd_val_name
		          FROM  OOM_COMMON_CODE_DETAIL WITH(NOLOCK)
		       ) C
		       ON (A.super_common_cd = C.common_cd  AND  A.super_common_cd_val = C.common_cd_val)
		 ORDER
		    BY  A.sort_seq ASC
	</select>
	
	<select id="readCommonCodeDetailDuplicationCheck" parameterType="com.adtcaps.tsop.onm.api.domain.OomCommonCodeDetailDto" resultType="java.lang.Integer">
		SELECT  COUNT(*) AS common_cd_count
		  FROM  OOM_COMMON_CODE_DETAIL WITH(NOLOCK)
		 WHERE  common_cd = #{commonCd}
		   AND  common_cd_val = #{commonCdVal}
	</select>
	
	<insert id="createOomCommonCodeDetail" parameterType="com.adtcaps.tsop.onm.api.domain.OomCommonCodeDetailDto">
		INSERT 
		  INTO  OOM_COMMON_CODE_DETAIL
		(
		  common_cd
         ,common_cd_val
         ,audit_datetime
         ,audit_id
         ,common_cd_val_name
         ,common_cd_val_desc
         ,effect_start_datetime
         ,effect_end_datetime
         ,sort_seq
         ,super_common_cd
         ,super_common_cd_val
		)
		VALUES
		(
		  #{commonCd}
         ,#{commonCdVal}
         ,GETDATE()
         ,#{auditId}
         ,#{commonCdValName}
         ,#{commonCdValDesc}
         ,FORMAT(GETDATE(),'yyyyMMddHHmmss')
         ,'99991231000000'
         ,#{sortSeq}
         ,#{superCommonCd}
         ,#{superCommonCdVal}
		)
	</insert>
	
	<select id="readOomCommonCodeDetail" parameterType="com.adtcaps.tsop.onm.api.domain.OomCommonCodeDetailDto" resultType="com.adtcaps.tsop.onm.api.code.domain.CommonCodeDetailDetailResultDto">
		SELECT  A.common_cd
               ,A.common_cd_val
               ,A.audit_datetime
               ,A.audit_id
               ,A.common_cd_val_name
               ,A.common_cd_val_desc
               ,A.effect_start_datetime
               ,A.effect_end_datetime
               ,A.sort_seq
               ,A.super_common_cd
               ,A.super_common_cd_val
               ,C.common_cd_name AS super_common_cd_name
               ,B.common_cd_val_name AS super_common_cd_val_name
		  FROM (
		        SELECT  common_cd
                       ,common_cd_val
                       ,audit_datetime
                       ,audit_id
                       ,common_cd_val_name
                       ,common_cd_val_desc
                       ,effect_start_datetime
                       ,effect_end_datetime
                       ,sort_seq
                       ,super_common_cd
                       ,super_common_cd_val
                  FROM  OOM_COMMON_CODE_DETAIL WITH(NOLOCK)
                 WHERE  common_cd = #{commonCd}
                   AND  common_cd_val = #{commonCdVal}
		       ) A
		       LEFT OUTER JOIN
		       (
                SELECT  common_cd
                       ,common_cd_val
                       ,common_cd_val_name
                  FROM  OOM_COMMON_CODE_DETAIL WITH(NOLOCK)
		       ) B
		       ON (A.super_common_cd = B.common_cd  AND  
		           A.super_common_cd_val = B.common_cd_val
		          )
		       LEFT OUTER JOIN
		       (
                SELECT  common_cd
                       ,common_cd_name
                  FROM  OOM_COMMON_CODE WITH(NOLOCK)
		       ) C
		       ON (B.common_cd = C.common_cd)
	</select>
	
	<update id="updateOomCommonCodeDetail" parameterType="com.adtcaps.tsop.onm.api.domain.OomCommonCodeDetailDto">
	    UPDATE  OOM_COMMON_CODE_DETAIL
	       SET  audit_datetime = GETDATE()
	           ,audit_id = #{auditId}
	           ,common_cd_val_name = #{commonCdValName}
	           ,common_cd_val_desc = #{commonCdValDesc}
	           ,sort_seq = #{sortSeq}
	           ,super_common_cd = #{superCommonCd}
	           ,super_common_cd_val = #{superCommonCdVal}
         WHERE  common_cd = #{commonCd}
           AND  common_cd_val = #{commonCdVal}
	</update>
	
	<delete id="deleteOomCommonCodeDetail" parameterType="com.adtcaps.tsop.onm.api.domain.OomCommonCodeDetailDto">
	    DELETE    
	      FROM  OOM_COMMON_CODE_DETAIL
         WHERE  common_cd = #{commonCd}
           AND  common_cd_val = #{commonCdVal}
	</delete>
	
	
	<select id="listCommonCodeDetailForCombo" parameterType="com.adtcaps.tsop.onm.api.code.domain.CommonCodeDetailRequestDto" resultType="com.adtcaps.tsop.onm.api.domain.OomCommonCodeDetailDto">
		SELECT  common_cd_val
               ,common_cd_val_name
		  FROM  OOM_COMMON_CODE_DETAIL WITH(NOLOCK)
         WHERE  common_cd = #{commonCd}
           AND  effect_start_datetime <![CDATA[ <= ]]> FORMAT(GETDATE(),'yyyyMMddHHmmss')
           AND  effect_end_datetime <![CDATA[ >= ]]> FORMAT(GETDATE(),'yyyyMMddHHmmss')
           <if test='!"".equals(commonCdValLike)'>
           AND  common_cd_val LIKE CONCAT(#{commonCdValLike}, '%')
           </if>
           <if test='!@org.springframework.util.CollectionUtils@isEmpty(commonCdValInList)'>
           AND  common_cd_val IN 
           <foreach collection="commonCdValInList" item="commonCdVal" index="index" open="(" separator="," close=")">
           #{commonCdVal}
           </foreach>
           </if>
           <if test='!@org.springframework.util.CollectionUtils@isEmpty(commonCdValNotInList)'>
           AND  common_cd_val NOT IN 
           <foreach collection="commonCdValNotInList" item="commonCdVal" index="index" open="(" separator="," close=")">
           #{commonCdVal}
           </foreach>
           </if>
           <if test='sortSeq > 0'>
           AND  sort_seq <![CDATA[ > ]]> #{sortSeq}
           </if>
         ORDER
            BY  sort_seq ASC
	</select>
	
	<select id="listCommonCodeDetailForShortGrid" parameterType="com.adtcaps.tsop.onm.api.helper.domain.BasePageDto" resultType="com.adtcaps.tsop.onm.api.code.domain.CommonCodeDetailForShortGridResultDto">
		SELECT  A.common_cd
               ,B.common_cd_name
               ,A.common_cd_val
               ,A.common_cd_val_name
               ,A.sort_seq
		  FROM (
		        SELECT  common_cd
                       ,common_cd_val
                       ,common_cd_val_name
                       ,sort_seq
                  FROM  OOM_COMMON_CODE_DETAIL WITH(NOLOCK)
		       ) A
		       INNER JOIN
		       (
		        SELECT  common_cd
		               ,common_cd_name
		          FROM  OOM_COMMON_CODE WITH(NOLOCK)
		         WHERE  1 = 1
                   <if test='!"".equals(searchKeyword)'>
                   AND  UPPER(common_cd_name) LIKE CONCAT('%', UPPER(#{searchKeyword}), '%')
                   </if>
		       ) B
		       ON (A.common_cd = B.common_cd)
		 ORDER
		    BY  B.common_cd_name ASC
		       ,A.sort_seq ASC
	</select>
	
	<select id="readCommonCodeDetailByName" parameterType="com.adtcaps.tsop.onm.api.code.domain.CommonCodeDetailRequestDto" resultType="com.adtcaps.tsop.onm.api.domain.OomCommonCodeDetailDto">
		SELECT  common_cd_val
               ,common_cd_val_name
		  FROM  OOM_COMMON_CODE_DETAIL WITH(NOLOCK)
         WHERE  common_cd = #{commonCd}
           AND  effect_start_datetime <![CDATA[ <= ]]> FORMAT(GETDATE(),'yyyyMMddHHmmss')
           AND  effect_end_datetime <![CDATA[ >= ]]> FORMAT(GETDATE(),'yyyyMMddHHmmss')
           AND  common_cd_val_name = #{commonCdValName}
	</select>
	
</mapper>