<?xml version="1.0" encoding="UTF-8"?>
<!DOCTYPE mapper PUBLIC "-//mybatis.org//DTD Mapper 3.0//EN" "http://mybatis.org/dtd/mybatis-3-mapper.dtd">

<mapper namespace="com.adtcaps.tsop.onm.api.code.mapper.OomCommonCodeMapper">
	
	<select id="listPageCommonCode" parameterType="com.adtcaps.tsop.onm.api.code.domain.CommonCodeGridRequestDto" resultType="com.adtcaps.tsop.onm.api.code.domain.CommonCodeGridResultDto">
		<if test='!"Y".equals(excelYn)'>
		<include refid="PagingMapper.pagingPreSQL"/>
		</if>
		SELECT  A.common_cd
               ,A.common_cd_name
               ,A.common_cd_desc
               ,A.effect_start_datetime
               ,A.effect_end_datetime
               ,A.use_yn
               ,A.service_cl_cd
               ,B.common_cd_val_name AS service_cl_name
               ,A.audit_datetime
		  FROM (
		        SELECT  common_cd
                       ,common_cd_name
                       ,common_cd_desc
                       ,effect_start_datetime
                       ,effect_end_datetime
                       ,use_yn
                       ,service_cl_cd
                       ,audit_datetime
                  FROM  OOM_COMMON_CODE WITH(NOLOCK)
                 WHERE  1 = 1
                   <if test='!"".equals(searchKeyword)'>
                   AND UPPER(common_cd_name) LIKE CONCAT('%', UPPER(#{searchKeyword}), '%')
                   </if>
                   <if test='!"".equals(serviceClCd)'>
                   AND  service_cl_cd = #{serviceClCd}
                   </if>
                   <if test='!"".equals(useYn)'>
                   AND  use_yn = #{useYn}
                   </if>
		       ) A
		       INNER JOIN
		       (
		        SELECT  common_cd_val
                       ,common_cd_val_name
		          FROM  OOM_COMMON_CODE_DETAIL WITH(NOLOCK)
                 WHERE  common_cd = 'service_cl_cd'
                   AND  effect_start_datetime <![CDATA[ <= ]]> FORMAT(GETDATE(),'yyyyMMddHHmmss')
                   AND  effect_end_datetime <![CDATA[ >= ]]> FORMAT(GETDATE(),'yyyyMMddHHmmss')
                   <if test='!"".equals(serviceClCd)'>
                   AND  common_cd_val = #{serviceClCd}
                   </if>
		       ) B
		       ON (A.service_cl_cd = B.common_cd_val)
		<if test='"Y".equals(excelYn)'>
		 ORDER
		    BY  A.audit_datetime DESC
		</if>
		<if test='!"Y".equals(excelYn)'>
		<if test='"".equals(orderBy)'>
		<include refid="PagingMapper.pagingPostSQL">
		    <property name="orderBy" value="audit_datetime DESC"/>
		</include>
		</if>
		<if test='!"".equals(orderBy)'>
		<include refid="PagingMapper.pagingPostSQL">
		    <property name="orderBy" value="${orderBy}"/>
		</include>
		</if>
		</if>
	</select>
	
	<select id="readCommonCodeDuplicationCheck" parameterType="com.adtcaps.tsop.onm.api.domain.OomCommonCodeDto" resultType="java.lang.Integer">
		SELECT  COUNT(*) AS common_cd_count
		  FROM  OOM_COMMON_CODE WITH(NOLOCK)
		 WHERE  common_cd = #{commonCd}
	</select>
	
	<insert id="createOomCommonCode" parameterType="com.adtcaps.tsop.onm.api.domain.OomCommonCodeDto">
		INSERT 
		  INTO  OOM_COMMON_CODE
		(
		  common_cd
         ,audit_datetime
         ,audit_id
         ,common_cd_name
         ,common_cd_desc
         ,effect_start_datetime
         ,effect_end_datetime
         ,use_yn
         ,service_cl_cd
		)
		VALUES
		(
		  #{commonCd}
         ,GETDATE()
         ,#{auditId}
         ,#{commonCdName}
         ,#{commonCdDesc}
         ,FORMAT(GETDATE(),'yyyyMMddHHmmss')
         ,'99991231000000'
         ,'Y'
         ,#{serviceClCd}
		)
	</insert>
	
	<select id="readOomCommonCode" parameterType="com.adtcaps.tsop.onm.api.domain.OomCommonCodeDto" resultType="com.adtcaps.tsop.onm.api.domain.OomCommonCodeDto">
		SELECT  common_cd
               ,common_cd_name
               ,common_cd_desc
               ,effect_start_datetime
               ,effect_end_datetime
               ,use_yn
               ,service_cl_cd
		  FROM  OOM_COMMON_CODE WITH(NOLOCK)
		 WHERE  common_cd = #{commonCd}
	</select>
	
	<update id="updateOomCommonCode" parameterType="com.adtcaps.tsop.onm.api.domain.OomCommonCodeDto">
	    UPDATE  OOM_COMMON_CODE
	       SET  audit_datetime = GETDATE()
	           ,audit_id = #{auditId}
	           ,common_cd_name = #{commonCdName}
	           ,common_cd_desc = #{commonCdDesc}
	           ,service_cl_cd = #{serviceClCd}
         WHERE  common_cd = #{commonCd}
	</update>
	
	<delete id="deleteOomCommonCode" parameterType="com.adtcaps.tsop.onm.api.domain.OomCommonCodeDto">
	    UPDATE  OOM_COMMON_CODE  
	       SET  audit_datetime = GETDATE()
	           ,audit_id = #{auditId}
	           ,use_yn = 'N'
         WHERE  common_cd = #{commonCd}
	</delete>
	
	
	<select id="listCommonCodeForCombo" parameterType="com.adtcaps.tsop.onm.api.code.domain.CommonCodeRequestDto" resultType="com.adtcaps.tsop.onm.api.domain.OomCommonCodeDto">
		SELECT  common_cd
               ,common_cd_name
		  FROM  OOM_COMMON_CODE WITH(NOLOCK)
         WHERE  use_yn = 'Y'
           AND  effect_start_datetime <![CDATA[ <= ]]> FORMAT(GETDATE(),'yyyyMMddHHmmss')
           AND  effect_end_datetime <![CDATA[ >= ]]> FORMAT(GETDATE(),'yyyyMMddHHmmss')
           <if test='!"".equals(commonCd)'>
           AND  common_cd = #{commonCd}
           </if>
           <if test='!"".equals(serviceClCd)'>
           AND  service_cl_cd = #{serviceClCd}
           </if>
           <if test='!"".equals(commonCdLike)'>
           AND  common_cd LIKE CONCAT(#{commonCdLike}, '%')
           </if>
           <if test='!@org.springframework.util.CollectionUtils@isEmpty(commonCdInList)'>
           AND  common_cd IN 
           <foreach collection="commonCdInList" item="commonCd" index="index" open="(" separator="," close=")">
           #{commonCd}
           </foreach>
           </if>
           <if test='!@org.springframework.util.CollectionUtils@isEmpty(commonCdNotInList)'>
           AND  common_cd NOT IN 
           <foreach collection="commonCdNotInList" item="commonCd" index="index" open="(" separator="," close=")">
           #{commonCd}
           </foreach>
           </if>
         ORDER
            BY  common_cd ASC
	</select>
	
	<update id="updateCommonCodeReuse" parameterType="com.adtcaps.tsop.onm.api.domain.OomCommonCodeDto">
	    UPDATE  OOM_COMMON_CODE  
	       SET  audit_datetime = GETDATE()
	           ,audit_id = #{auditId}
	           ,use_yn = 'Y'
         WHERE  common_cd = #{commonCd}
	</update>
	
</mapper>