<?xml version="1.0" encoding="UTF-8"?>
<!DOCTYPE mapper PUBLIC "-//mybatis.org//DTD Mapper 3.0//EN" "http://mybatis.org/dtd/mybatis-3-mapper.dtd">

<mapper namespace="com.adtcaps.tsop.onm.api.file.mapper.OomAttachFileMapper">
	
	<select id="readOomAttachFile" parameterType="com.adtcaps.tsop.onm.api.domain.OomAttachFileDto" resultType="com.adtcaps.tsop.onm.api.domain.OomAttachFileDto">
		SELECT  attach_file_num
               ,CONVERT(VARCHAR, audit_datetime, 120) AS audit_datetime
               ,attach_file_id
               ,attach_file_name
               ,attach_file_size
               ,attach_file_type_val
               ,attach_file_path_name
               ,attach_file_loc_url_addr
		  FROM  OOM_ATTACH_FILE WITH(NOLOCK)
         WHERE  attach_file_num = #{attachFileNum}
	</select>
	
	<insert id="createOomAttachFile" parameterType="com.adtcaps.tsop.onm.api.domain.OomAttachFileDto">
		<selectKey resultType="java.lang.Integer" keyProperty="attachFileNum" order="BEFORE">
        SELECT  NEXT VALUE FOR OOM_ATTACH_FILE_S1 AS attachFileNum
		</selectKey>
		INSERT 
		  INTO  OOM_ATTACH_FILE
		(
		  attach_file_num
         ,audit_datetime
         ,audit_id
         ,attach_file_id
         ,attach_file_name
         ,attach_file_size
         ,attach_file_type_val
         ,attach_file_path_name
         ,attach_file_loc_url_addr
		)
		VALUES
		(
		  #{attachFileNum}
         ,GETDATE()
         ,'SYSTEM'
         ,#{attachFileId}
         ,#{attachFileName}
         ,#{attachFileSize}
         ,#{attachFileTypeVal}
         ,#{attachFilePathName}
         ,#{attachFileLocUrlAddr}
		)
	</insert>
	
	<delete id="deleteOomAttachFile" parameterType="com.adtcaps.tsop.onm.api.domain.OomAttachFileDto">
		DELETE
		  FROM  OOM_ATTACH_FILE
         WHERE  attach_file_num = #{attachFileNum}
	</delete>
	
</mapper>