<?xml version="1.0" encoding="UTF-8"?>
<!DOCTYPE mapper PUBLIC "-//mybatis.org//DTD Mapper 3.0//EN" "http://mybatis.org/dtd/mybatis-3-mapper.dtd">

<mapper namespace="com.adtcaps.tsop.onm.api.table.mapper.OomDbTableColumnMapper">
	
	<select id="listPageDbTableColumn" parameterType="com.adtcaps.tsop.onm.api.table.domain.DbTableColumnGridRequestDto" resultType="com.adtcaps.tsop.onm.api.table.domain.DbTableColumnGridResultDto">
		<include refid="PagingMapper.pagingPreSQL"/>
		SELECT  A.table_id
               ,B.table_name
               ,A.column_seq
               ,A.column_name
               ,A.column_id
               ,A.data_type_name
               ,A.data_length
               ,A.pk_yn
               ,A.mandatory_yn
               ,A.default_val
		  FROM (
		        SELECT  table_id
                       ,column_id
                       ,audit_datetime
                       ,audit_id
                       ,column_seq
                       ,column_name
                       ,data_type_name
                       ,data_length
                       ,mandatory_yn
                       ,default_val
                       ,pk_yn
                  FROM  OOM_DB_TABLE_COLUMN WITH(NOLOCK)
                 WHERE  1 = 1
                   <if test='!"".equals(columnSearchKeyword)'>
                   AND (UPPER(column_id) LIKE CONCAT('%', UPPER(#{columnSearchKeyword}), '%')  OR  
                        UPPER(column_name) LIKE CONCAT('%', UPPER(#{columnSearchKeyword}), '%'))
                   </if>
		       ) A
		       INNER JOIN
		       (
		        SELECT  table_id
                       ,table_name
		          FROM  OOM_DB_TABLE WITH(NOLOCK)
                 WHERE  1 = 1
                   <if test='!"".equals(serviceClCd)'>
                   AND  service_cl_cd = #{serviceClCd}
                   </if>
                   <if test='!"".equals(searchKeyword)'>
                   AND (UPPER(table_id) LIKE CONCAT('%', UPPER(#{searchKeyword}), '%')  OR  
                        UPPER(table_name) LIKE CONCAT('%', UPPER(#{searchKeyword}), '%'))
                   </if>
		       ) B
		       ON (A.table_id = B.table_id)
		<if test='"".equals(orderBy)'>
		<include refid="PagingMapper.pagingPostSQL">
		    <property name="orderBy" value="column_seq ASC"/>
		</include>
		</if>
		<if test='!"".equals(orderBy)'>
		<include refid="PagingMapper.pagingPostSQL">
		    <property name="orderBy" value="${orderBy}"/>
		</include>
		</if>
	</select>
	
	
</mapper>