<?xml version="1.0" encoding="UTF-8"?>
<!DOCTYPE mapper PUBLIC "-//mybatis.org//DTD Mapper 3.0//EN" "http://mybatis.org/dtd/mybatis-3-mapper.dtd">

<mapper namespace="com.adtcaps.tsop.onm.api.table.mapper.OomDbTableMapper">
	
	<select id="listPageDbTable" parameterType="com.adtcaps.tsop.onm.api.table.domain.DbTableGridRequestDto" resultType="com.adtcaps.tsop.onm.api.table.domain.DbTableGridResultDto">
		<include refid="PagingMapper.pagingPreSQL"/>
		SELECT  A.table_id
               ,A.table_name
               ,A.regist_date
               ,A.service_cl_cd
               ,B.common_cd_val_name AS service_cl_name
               ,A.day_unit_keep_cycle_val
               ,A.initial_data_release_yn
		  FROM (
		        SELECT  table_id
                       ,audit_datetime
                       ,audit_id
                       ,table_name
                       ,regist_date
                       ,service_cl_cd
                       ,day_unit_keep_cycle_val
                       ,initial_data_release_yn
                  FROM  OOM_DB_TABLE WITH(NOLOCK)
                 WHERE  1 = 1
                   <if test='!"".equals(serviceClCd)'>
                   AND  service_cl_cd = #{serviceClCd}
                   </if>
                   <if test='!"".equals(searchKeyword)'>
                   AND (UPPER(table_id) LIKE CONCAT('%', UPPER(#{searchKeyword}), '%')  OR  
                        UPPER(table_name) LIKE CONCAT('%', UPPER(#{searchKeyword}), '%'))
                   </if>
		       ) A
		       INNER JOIN
		       (
		        SELECT  common_cd_val
                       ,common_cd_val_name
		          FROM  OOM_COMMON_CODE_DETAIL WITH(NOLOCK)
                 WHERE  common_cd = 'service_cl_cd'
                   AND  effect_start_datetime <![CDATA[ <= ]]> FORMAT(GETDATE(),'yyyyMMddHHmmss')
                   AND  effect_end_datetime <![CDATA[ >= ]]> FORMAT(GETDATE(),'yyyyMMddHHmmss')
                   <if test='!"".equals(serviceClCd)'>
                   AND  common_cd_val = #{serviceClCd}
                   </if>
		       ) B
		       ON (A.service_cl_cd = B.common_cd_val)
		<if test='"".equals(orderBy)'>
		<include refid="PagingMapper.pagingPostSQL">
		    <property name="orderBy" value="table_id ASC"/>
		</include>
		</if>
		<if test='!"".equals(orderBy)'>
		<include refid="PagingMapper.pagingPostSQL">
		    <property name="orderBy" value="${orderBy}"/>
		</include>
		</if>
	</select>
	
	
</mapper>