<?xml version="1.0" encoding="UTF-8"?>
<!DOCTYPE mapper PUBLIC "-//mybatis.org//DTD Mapper 3.0//EN" "http://mybatis.org/dtd/mybatis-3-mapper.dtd">

<mapper namespace="com.adtcaps.tsop.onm.api.threshold.mapper.OomTenantResourceMonitoringThresholdMapper">
	
	<select id="listPageTenantResourceMonitoringThreshold" parameterType="com.adtcaps.tsop.onm.api.threshold.domain.ThresholdGridRequestDto" resultType="com.adtcaps.tsop.onm.api.threshold.domain.ThresholdGridResultDto">
		<include refid="PagingMapper.pagingPreSQL"/>
		SELECT  A.tenant_id
               ,A.onm_alarm_cd
               ,A.onm_resource_id
               ,B.tenant_name
               ,A.onm_resource_category_cd
               ,D.onm_resource_category_cd_name
               ,E.onm_resource_name
               ,C.onm_alarm_cd_name
               ,A.criticalg_standard_val
               ,A.majorg_standard_val
               ,A.minorg_standard_val
               ,A.register_id
               ,F.user_name AS register_name
               ,A.regist_datetime
               ,FORMAT(A.audit_datetime, 'yyyy-MM-dd HH:mm:ss') AS audit_datetime
		  FROM (
		        SELECT  tenant_id
                       ,onm_resource_category_cd
                       ,onm_alarm_cd
                       ,audit_datetime
                       ,audit_id
                       ,criticalg_standard_val
                       ,majorg_standard_val
                       ,minorg_standard_val
                       ,regist_datetime
                       ,register_id
                       ,onm_resource_id
                  FROM  OOM_TENANT_RESOURCE_MONITORING_THRESHOLD WITH(NOLOCK)
                 WHERE  1 = 1
                   <if test='!"".equals(tenantId)'>
                   AND  tenant_id = #{tenantId}
                   </if>
                   <if test='!"".equals(onmResourceCategoryCd)'>
                   AND  onm_resource_category_cd = #{onmResourceCategoryCd}
                   </if>
                   <if test='!"".equals(onmAlarmCd)'>
                   AND  onm_alarm_cd = #{onmAlarmCd}
                   </if>
		       ) A
		       INNER JOIN
		       (
		        SELECT  tenant_id
		               ,tenant_name
		          FROM  OOM_TENANT WITH(NOLOCK)
                 WHERE  delete_yn = 'N'
                   <if test='!"".equals(tenantId)'>
                   AND  tenant_id = #{tenantId}
                   </if>
		       ) B
		       ON (A.tenant_id = B.tenant_id)
		       INNER JOIN
		       (
		        SELECT  onm_alarm_cd
		               ,onm_alarm_cd_name
		          FROM  OOM_ONM_ALARM_CODE WITH(NOLOCK)
                 WHERE  1 = 1
                   <if test='!"".equals(onmAlarmCd)'>
                   AND  onm_alarm_cd = #{onmAlarmCd}
                   </if>
		       ) C
		       ON (A.onm_alarm_cd = C.onm_alarm_cd)
		       INNER JOIN
		       (
		        SELECT  onm_resource_category_cd
		               ,onm_resource_category_cd_name
		          FROM  OOM_ONM_RESOURCE WITH(NOLOCK)
                 WHERE  1 = 1
                   <if test='!"".equals(onmResourceCategoryCd)'>
                   AND  onm_resource_category_cd = #{onmResourceCategoryCd}
                   </if>
		       ) D
		       ON (A.onm_resource_category_cd = D.onm_resource_category_cd)
		       INNER JOIN
		       (
		        SELECT  tenant_id
		               ,onm_resource_id
		               ,onm_resource_name
		          FROM  OOM_TENANT_RESOURCE_DETAIL WITH(NOLOCK)
		       ) E
		       ON (A.tenant_id = E.tenant_id  AND  
		           A.onm_resource_id = E.onm_resource_id)
		       LEFT OUTER JOIN
		       (
		        SELECT  user_id
		               ,user_name
		          FROM  OOM_USER WITH(NOLOCK)
		       ) F
		       ON (A.register_id = F.user_id)
		<if test='"".equals(orderBy)'>
		<include refid="PagingMapper.pagingPostSQL">
		    <property name="orderBy" value="audit_datetime DESC"/>
		</include>
		</if>
		<if test='!"".equals(orderBy)'>
		<include refid="PagingMapper.pagingPostSQL">
		    <property name="orderBy" value="${orderBy}"/>
		</include>
		</if>
	</select>
	
	<insert id="createOomTenantResourceMonitoringThreshold" parameterType="com.adtcaps.tsop.onm.api.domain.OomTenantResourceMonitoringThresholdDto">
		INSERT 
		  INTO  OOM_TENANT_RESOURCE_MONITORING_THRESHOLD
		(
		  tenant_id
         ,onm_resource_category_cd
         ,onm_alarm_cd
         ,audit_datetime
         ,audit_id
         ,criticalg_standard_val
         ,majorg_standard_val
         ,minorg_standard_val
         ,regist_datetime
         ,register_id
         ,onm_resource_id
		)
		VALUES
		(
		  #{tenantId}
         ,#{onmResourceCategoryCd}
         ,#{onmAlarmCd}
         ,GETDATE()
         ,#{auditId}
         ,#{criticalgStandardVal}
         ,#{majorgStandardVal}
         ,#{minorgStandardVal}
         ,FORMAT(GETDATE(), 'yyyyMMddHHmmss')
         ,#{registerId}
         ,#{onmResourceId}
		)
	</insert>
	
	<select id="readOomTenantResourceMonitoringThreshold" parameterType="com.adtcaps.tsop.onm.api.domain.OomTenantResourceMonitoringThresholdDto" resultType="com.adtcaps.tsop.onm.api.threshold.domain.ThresholdDetailResultDto">
		SELECT  A.tenant_id
               ,A.onm_alarm_cd
               ,A.onm_resource_id
               ,B.tenant_name
               ,A.onm_resource_category_cd
               ,D.onm_resource_category_cd_name
               ,E.onm_resource_name
               ,C.onm_alarm_cd_name
               ,C.onm_metric_unit
               ,A.criticalg_standard_val
               ,A.majorg_standard_val
               ,A.minorg_standard_val
               ,A.register_id
               ,F.user_name AS register_name
               ,A.regist_datetime
               ,A.audit_datetime
		  FROM (
		        SELECT  tenant_id
                       ,onm_resource_category_cd
                       ,onm_alarm_cd
                       ,audit_datetime
                       ,audit_id
                       ,criticalg_standard_val
                       ,majorg_standard_val
                       ,minorg_standard_val
                       ,regist_datetime
                       ,register_id
                       ,onm_resource_id
                  FROM  OOM_TENANT_RESOURCE_MONITORING_THRESHOLD WITH(NOLOCK)
                 WHERE  tenant_id = #{tenantId}
                   AND  onm_alarm_cd = #{onmAlarmCd}
                   AND  onm_resource_id = #{onmResourceId}
		       ) A
		       INNER JOIN
		       (
		        SELECT  tenant_id
		               ,tenant_name
		          FROM  OOM_TENANT WITH(NOLOCK)
                 WHERE  delete_yn = 'N'
		       ) B
		       ON (A.tenant_id = B.tenant_id)
		       INNER JOIN
		       (
		        SELECT  onm_alarm_cd
		               ,onm_alarm_cd_name
		               ,onm_metric_unit
		          FROM  OOM_ONM_ALARM_CODE WITH(NOLOCK)
		       ) C
		       ON (A.onm_alarm_cd = C.onm_alarm_cd)
		       INNER JOIN
		       (
		        SELECT  onm_resource_category_cd
		               ,onm_resource_category_cd_name
		          FROM  OOM_ONM_RESOURCE WITH(NOLOCK)
		       ) D
		       ON (A.onm_resource_category_cd = D.onm_resource_category_cd)
		       INNER JOIN
		       (
		        SELECT  tenant_id
		               ,onm_resource_id
		               ,onm_resource_name
		          FROM  OOM_TENANT_RESOURCE_DETAIL WITH(NOLOCK)
		       ) E
		       ON (A.tenant_id = E.tenant_id  AND  
		           A.onm_resource_id = E.onm_resource_id)
		       LEFT OUTER JOIN
		       (
		        SELECT  user_id
		               ,user_name
		          FROM  OOM_USER WITH(NOLOCK)
		       ) F
		       ON (A.register_id = F.user_id)
	</select>
	
	<update id="updateOomTenantResourceMonitoringThreshold" parameterType="com.adtcaps.tsop.onm.api.domain.OomTenantResourceMonitoringThresholdDto">
	    UPDATE  OOM_TENANT_RESOURCE_MONITORING_THRESHOLD
	       SET  audit_datetime = GETDATE()
	           ,audit_id = #{auditId}
	           ,criticalg_standard_val = #{criticalgStandardVal}
	           ,majorg_standard_val = #{majorgStandardVal}
	           ,minorg_standard_val = #{minorgStandardVal}
         WHERE  tenant_id = #{tenantId}
           AND  onm_alarm_cd = #{onmAlarmCd}
           AND  onm_resource_id = #{onmResourceId}
	</update>
	
	<delete id="deleteOomTenantResourceMonitoringThreshold" parameterType="com.adtcaps.tsop.onm.api.domain.OomTenantResourceMonitoringThresholdDto">
	    DELETE  
	      FROM  OOM_TENANT_RESOURCE_MONITORING_THRESHOLD
         WHERE  tenant_id = #{tenantId}
           AND  onm_alarm_cd = #{onmAlarmCd}
           AND  onm_resource_id = #{onmResourceId}
	</delete>
	
</mapper>