<?xml version="1.0" encoding="UTF-8"?>
<!DOCTYPE mapper PUBLIC "-//mybatis.org//DTD Mapper 3.0//EN" "http://mybatis.org/dtd/mybatis-3-mapper.dtd">

<mapper namespace="com.adtcaps.tsop.onm.api.alimTalk.mapper.OomKakaoSendHistMapper">
	<insert id="createOomKakaoSendHist" parameterType="com.adtcaps.tsop.onm.api.domain.OomKakaoSendHistDto">
		INSERT INTO OOM_KAKAO_SEND_HIST
		(
			msg_idx,
			trans_datetime,
			rcv_phone_num,
			msg_content,
			request_at,
			received_at,
			result_code,
			tenant_name,
			result_send_yn
		)
		VALUES
		(
			#{msgIdx},
			#{transDatetime},
			#{rcvPhoneNum},
			#{msgContent},
			NULL,
			NULL,
			NULL,
			#{tenantName},
			'N'
		)
	</insert>

	<update id="updateOomKakaoSendHist" parameterType="com.adtcaps.tsop.onm.api.domain.OomKakaoSendHistDto">
		UPDATE OOM_KAKAO_SEND_HIST
		   SET result_code = #{resultCode}
		       <if test='requestAt != null and !requestAt.equals("")'>
		       ,request_at = REPLACE(#{requestAt}, '-', '')
		       </if>
		       <if test='receivedAt != null and !receivedAt.equals("")'>
		       ,received_at = REPLACE(#{receivedAt}, '-', '')
		       </if>
		       <if test='resultSendYn != null and !resultSendYn.equals("")'>
		       ,result_send_yn = #{resultSendYn}
		       </if>
		       <if test='sender != null and !sender.equals("")'>
		       ,sender = #{sender}
		       </if>
		 WHERE msg_idx = #{msgIdx}
	</update>

	<select id="readRequestResultCnt" parameterType="com.adtcaps.tsop.onm.api.domain.OomKakaoSendHistDto" resultType="java.lang.Integer">
		SELECT COUNT(msg_idx) AS request_cnt
		  FROM OOM_KAKAO_SEND_HIST WITH(NOLOCK)
		 WHERE trans_datetime BETWEEN #{fromDate} AND #{toDate}
           AND result_code is null
	</select>

	<select id="listResendSms" parameterType="com.adtcaps.tsop.onm.api.domain.OomKakaoSendHistDto" resultType="com.adtcaps.tsop.onm.api.domain.OomKakaoSendHistDto">
		SELECT msg_idx,
		       rcv_phone_num,
		       msg_content,
		       sender
		  FROM OOM_KAKAO_SEND_HIST WITH(NOLOCK)
		 WHERE trans_datetime BETWEEN #{fromDate} AND #{toDate}
           AND result_code != '1000'
           AND result_send_yn = 'N'
           <if test='tenantName != null and !tenantName.equals("")'>
           AND tenant_Name = #{tenantName}
           </if>
	</select>

	<select id="listAlimTalkResult" parameterType="com.adtcaps.tsop.onm.api.domain.OomKakaoSendHistDto" resultType="com.adtcaps.tsop.onm.api.domain.OomKakaoSendHistDto">
		SELECT msg_idx,
		       result_code,
		       sender
		  FROM OOM_KAKAO_SEND_HIST WITH(NOLOCK)
		 WHERE trans_datetime BETWEEN #{fromDate} AND #{toDate}
           AND result_send_yn = 'N'
           <if test='tenantName != null and !tenantName.equals("")'>
           AND tenant_Name = #{tenantName}
           </if>
	</select>

	<delete id="deleteOomKakaoSendHist" parameterType="String">
		DELETE FROM OOM_KAKAO_SEND_HIST
		 WHERE trans_datetime <![CDATA[ <= ]]> #{fromDate}
		   AND (result_send_yn = 'Y' OR tenant_Name IS NULL)
	</delete>
</mapper>