<?xml version="1.0" encoding="UTF-8"?>
<!DOCTYPE mapper PUBLIC "-//mybatis.org//DTD Mapper 3.0//EN" "http://mybatis.org/dtd/mybatis-3-mapper.dtd">

<mapper namespace="com.adtcaps.tsop.onm.api.menu.mapper.OomMenuMapper">
	
	<select id="listMenu" parameterType="com.adtcaps.tsop.onm.api.menu.domain.MenuRequestDto" resultType="com.adtcaps.tsop.onm.api.menu.domain.MenuResultDto">
		SELECT  A.menu_id
               ,A.menu_name
               ,A.menu_level_val
               ,A.menu_web_url_addr
               ,B.authority_type_cd
               ,A.screen_id
               ,(CASE WHEN C.super_menu_id IS NULL THEN 'N' ELSE 'Y' END) AS child_exist_yn
		  FROM (
		        SELECT  menu_id
                       ,menu_name
                       ,sort_seq
                       ,menu_level_val
                       ,super_menu_id
                       ,menu_web_url_addr
                       ,screen_id
                  FROM  OOM_MENU WITH(NOLOCK)
                 WHERE  use_yn = 'Y'
                   AND  menu_expose_yn = 'Y'
                   <if test='!"".equals(adminMenuId)'>
                   AND  menu_id != #{adminMenuId}
                   </if>
                   <if test='!"".equals(superMenuId)'>
		           AND  super_menu_id = #{superMenuId}
		           </if>
		           <if test='"".equals(superMenuId)'>
		           AND  super_menu_id IS NULL
		           </if>
		       ) A
		       INNER JOIN
		       (
		        SELECT  CC.menu_id AS menu_id
		               ,CC.authority_type_cd AS authority_type_cd
                  FROM (
                        SELECT  role_id
                          FROM  OOM_USER_ROLE_DETAIL WITH(NOLOCK)
                         WHERE  user_id = #{userId}
                       ) AA
                       INNER JOIN
                       (
                        SELECT  role_id
                          FROM  OOM_USER_ROLE WITH(NOLOCK)
                       ) BB
                       ON (AA.role_id = BB.role_id)
                       INNER JOIN
                       (
                        SELECT  role_id
                               ,menu_id
                               ,authority_type_cd
                          FROM  OOM_USER_ROLE_AUTHORITY_DETAIL WITH(NOLOCK)
                       ) CC
                       ON (AA.role_id = CC.role_id)
		       ) B
		       ON (A.menu_id = B.menu_id)
		       LEFT OUTER JOIN
		       (
		        SELECT  super_menu_id
                  FROM  OOM_MENU WITH(NOLOCK)
                 WHERE  use_yn = 'Y'
                   AND  menu_expose_yn = 'Y'
                   <if test='menuLevelVal > 0'>
                   AND  menu_level_val = #{menuLevelVal} + 1
                   </if>
                 GROUP
                    BY  super_menu_id
		       ) C
		       ON (A.menu_id = C.super_menu_id)
		 ORDER
		    BY  A.sort_seq ASC
	</select>
	
	<select id="listAdminMenu" parameterType="com.adtcaps.tsop.onm.api.menu.domain.MenuRequestDto" resultType="com.adtcaps.tsop.onm.api.menu.domain.MenuResultDto">
		SELECT  A.menu_id
               ,A.menu_name
               ,A.menu_level_val
               ,A.menu_web_url_addr
               ,'W' AS authority_type_cd
               ,A.screen_id
               ,(CASE WHEN B.super_menu_id IS NULL THEN 'N' ELSE 'Y' END) AS child_exist_yn
		  FROM (
		        SELECT  menu_id
                       ,menu_name
                       ,sort_seq
                       ,menu_level_val
                       ,super_menu_id
                       ,menu_web_url_addr
                       ,screen_id
                  FROM  OOM_MENU WITH(NOLOCK)
                 WHERE  use_yn = 'Y'
                   AND  menu_expose_yn = 'Y'
                   <if test='!"".equals(superMenuId)'>
		           AND  super_menu_id = #{superMenuId}
		           </if>
		           <if test='"".equals(superMenuId)'>
		           AND  super_menu_id IS NULL
		           </if>
		       ) A
		       LEFT OUTER JOIN
		       (
		        SELECT  super_menu_id
                  FROM  OOM_MENU WITH(NOLOCK)
                 WHERE  use_yn = 'Y'
                   AND  menu_expose_yn = 'Y'
                   <if test='menuLevelVal > 0'>
                   AND  menu_level_val = #{menuLevelVal} + 1
                   </if>
                 GROUP
                    BY  super_menu_id
		       ) B
		       ON (A.menu_id = B.super_menu_id)
		 ORDER
		    BY  A.sort_seq ASC
	</select>
	
	<select id="listHiddenMenu" parameterType="com.adtcaps.tsop.onm.api.menu.domain.MenuRequestDto" resultType="com.adtcaps.tsop.onm.api.menu.domain.MenuResultDto">
		SELECT  A.menu_id
               ,A.menu_name
               ,A.menu_level_val
               ,A.menu_web_url_addr
               ,B.authority_type_cd
               ,A.screen_id
               ,(CASE WHEN C.super_menu_id IS NULL THEN 'N' ELSE 'Y' END) AS child_exist_yn
		  FROM (
		        SELECT  menu_id
                       ,menu_name
                       ,sort_seq
                       ,menu_level_val
                       ,super_menu_id
                       ,menu_web_url_addr
                       ,screen_id
                  FROM  OOM_MENU WITH(NOLOCK)
                 WHERE  use_yn = 'Y'
                   AND  super_menu_id = #{superMenuId}
		       ) A
		       INNER JOIN
		       (
		        SELECT  CC.menu_id AS menu_id
		               ,CC.authority_type_cd AS authority_type_cd
                  FROM (
                        SELECT  role_id
                          FROM  OOM_USER_ROLE_DETAIL WITH(NOLOCK)
                         WHERE  user_id = #{userId}
                       ) AA
                       INNER JOIN
                       (
                        SELECT  role_id
                          FROM  OOM_USER_ROLE WITH(NOLOCK)
                       ) BB
                       ON (AA.role_id = BB.role_id)
                       INNER JOIN
                       (
                        SELECT  role_id
                               ,menu_id
                               ,authority_type_cd
                          FROM  OOM_USER_ROLE_AUTHORITY_DETAIL WITH(NOLOCK)
                       ) CC
                       ON (AA.role_id = CC.role_id)
		       ) B
		       ON (A.menu_id = B.menu_id)
		       LEFT OUTER JOIN
		       (
		        SELECT  super_menu_id
                  FROM  OOM_MENU WITH(NOLOCK)
                 WHERE  use_yn = 'Y'
                 GROUP
                    BY  super_menu_id
		       ) C
		       ON (A.menu_id = C.super_menu_id)
		 ORDER
		    BY  A.sort_seq ASC
	</select>
	
	<select id="listMenuTree" resultType="com.adtcaps.tsop.onm.api.menu.domain.MenuTreeResultDto">
		WITH TREE_TBL AS 
        (
         SELECT  menu_id
                ,super_menu_id
                ,menu_name
                ,menu_level_val
                ,CONVERT(VARCHAR(255), sort_seq) AS sort
                ,CONVERT(VARCHAR(255), menu_name) full_menu_name 
           FROM  OOM_MENU WITH(NOLOCK) 
          WHERE  super_menu_id IS NULL
            AND  use_yn = 'Y'
         UNION ALL 
         SELECT  B.menu_id
                ,B.super_menu_id
                ,B.menu_name
                ,B.menu_level_val
                ,CONVERT(VARCHAR(255), CONVERT(NVARCHAR, C.sort) + '>' + CONVERT(VARCHAR(255), B.sort_seq)) AS sort 
                ,CONVERT(VARCHAR(255), CONVERT(NVARCHAR, C.full_menu_name) + '>' + CONVERT(VARCHAR(255), B.menu_name)) AS full_menu_name 
           FROM  OOM_MENU B
                ,TREE_TBL C 
          WHERE  B.super_menu_id = C.menu_id
            AND  B.use_yn = 'Y'
        ) 
        SELECT  menu_id
               ,super_menu_id
               ,menu_name
               ,menu_level_val
               ,full_menu_name
          FROM  TREE_TBL 
         ORDER
            BY  sort ASC
	</select>
	
	
</mapper>