<?xml version="1.0" encoding="UTF-8"?>
<!DOCTYPE mapper PUBLIC "-//mybatis.org//DTD Mapper 3.0//EN" "http://mybatis.org/dtd/mybatis-3-mapper.dtd">

<mapper namespace="com.adtcaps.tsop.onm.api.menu.mapper.OomTenantServicePortalMenuMapper">
	
	<select id="listTenantServicePortalMenuForCombo" parameterType="com.adtcaps.tsop.onm.api.domain.OomTenantServicePortalMenuDto" resultType="com.adtcaps.tsop.onm.api.menu.domain.TenantServicePortalMenuForComboResultDto">
		SELECT  menu_id
               ,menu_name
		  FROM  OOM_TENANT_SERVICE_PORTAL_MENU WITH(NOLOCK)
		 WHERE  tenant_id = #{tenantId}
		   AND  menu_level_val = #{menuLevelVal} - 1
		 ORDER
		    BY  sort_seq ASC
	</select>
	
	<select id="listTenantServicePortalMenuForShortGrid" parameterType="com.adtcaps.tsop.onm.api.helper.domain.BasePageDto" resultType="com.adtcaps.tsop.onm.api.menu.domain.TenantServicePortalMenuForShortGridResultDto">
		SELECT  A.menu_id
               ,A.menu_name
               ,A.menu_level_val
               ,A.sort_seq
               ,A.menu_web_url_addr
               ,A.use_yn
               ,A.groupmgmt_page_yn
               ,A.menu_expose_yn
		  FROM (
		        SELECT  menu_id
                       ,tenant_id
                       ,audit_datetime
                       ,audit_id
                       ,menu_name
                       ,sort_seq
                       ,menu_level_val
                       ,super_menu_id
                       ,menu_web_url_addr
                       ,groupmgmt_page_yn
                       ,use_yn
                       ,menu_expose_yn
                       ,regist_datetime
                       ,register_id
                  FROM  OOM_TENANT_SERVICE_PORTAL_MENU WITH(NOLOCK)
                 WHERE  tenant_id = #{tenantId}
                   <if test='!"".equals(searchKeyword)'>
                   AND UPPER(menu_name) LIKE CONCAT('%', UPPER(#{searchKeyword}), '%')
                   </if>
		       ) A
		 ORDER
		    BY  A.menu_id ASC
	</select>
	
	<select id="listPageTenantServicePortalMenu" parameterType="com.adtcaps.tsop.onm.api.menu.domain.TenantServicePortalMenuGridRequestDto" resultType="com.adtcaps.tsop.onm.api.menu.domain.TenantServicePortalMenuGridResultDto">
		<include refid="PagingMapper.pagingPreSQL"/>
		SELECT  A.tenant_id
               ,B.tenant_name
               ,A.menu_id
               ,A.menu_name
               ,A.menu_level_val
               ,A.super_menu_id
               ,A.sort_seq
               ,A.menu_web_url_addr
               ,A.use_yn
               ,A.groupmgmt_page_yn
               ,A.menu_expose_yn
               ,A.register_id
               ,C.user_name AS register_name
               ,A.regist_datetime
               ,FORMAT(A.audit_datetime, 'yyyy-MM-dd HH:mm:ss') AS audit_datetime
		  FROM (
		        SELECT  menu_id
                       ,tenant_id
                       ,audit_datetime
                       ,audit_id
                       ,menu_name
                       ,sort_seq
                       ,menu_level_val
                       ,super_menu_id
                       ,menu_web_url_addr
                       ,groupmgmt_page_yn
                       ,use_yn
                       ,menu_expose_yn
                       ,regist_datetime
                       ,register_id
                  FROM  OOM_TENANT_SERVICE_PORTAL_MENU WITH(NOLOCK)
                 WHERE  1 = 1
                   <if test='!"".equals(tenantId)'>
                   AND  tenant_id = #{tenantId}
                   </if>
                   <if test='menuLevelVal > 0'>
                   AND  menu_level_val = #{menuLevelVal}
                   </if>
                   <if test='!"".equals(searchKeyword)'>
                   AND UPPER(menu_name) LIKE CONCAT('%', UPPER(#{searchKeyword}), '%')
                   </if>
                   <if test='!"".equals(urlSearchKeyword)'>
                   AND UPPER(menu_web_url_addr) LIKE CONCAT('%', UPPER(#{urlSearchKeyword}), '%')
                   </if>
		       ) A
		       INNER JOIN
		       (
		        SELECT  tenant_id
		               ,tenant_name
		          FROM  OOM_TENANT WITH(NOLOCK)
                 WHERE  delete_yn = 'N'
		       ) B
		       ON (A.tenant_id = B.tenant_id)
		       LEFT OUTER JOIN
		       (
		        SELECT  user_id
		               ,user_name
		          FROM  OOM_USER WITH(NOLOCK)
		       ) C
		       ON (A.register_id = C.user_id)
		<if test='"".equals(orderBy)'>
		<include refid="PagingMapper.pagingPostSQL">
		    <property name="orderBy" value="audit_datetime DESC"/>
		</include>
		</if>
		<if test='!"".equals(orderBy)'>
		<include refid="PagingMapper.pagingPostSQL">
		    <property name="orderBy" value="${orderBy}"/>
		</include>
		</if>
	</select>
	
	<insert id="createOomTenantServicePortalMenu" parameterType="com.adtcaps.tsop.onm.api.domain.OomTenantServicePortalMenuDto">
		<selectKey resultType="java.lang.String" keyProperty="menuId" order="BEFORE">
        SELECT (
                SELECT  'M' + REPLICATE('0', 4 - LEN(CONVERT(VARCHAR, ISNULL(MAX(CONVERT(INT, SUBSTRING(menu_id, 2, LEN(menu_id)))), 0) + 1)))
                        + CONVERT(VARCHAR, ISNULL(MAX(CONVERT(INT, SUBSTRING(menu_id, 2, LEN(menu_id)))), 0) + 1)
                  FROM  OOM_TENANT_SERVICE_PORTAL_MENU
                 WHERE  tenant_id = #{tenantId}
               ) AS menuId
		</selectKey>
		INSERT 
		  INTO  OOM_TENANT_SERVICE_PORTAL_MENU
		(
		  menu_id
         ,tenant_id
         ,audit_datetime
         ,audit_id
         ,menu_name
         ,sort_seq
         ,menu_level_val
         ,super_menu_id
         ,menu_web_url_addr
         ,groupmgmt_page_yn
         ,use_yn
         ,menu_expose_yn
         ,regist_datetime
         ,register_id
		)
		VALUES
		(
		  #{menuId}
		 ,#{tenantId}
         ,GETDATE()
         ,#{auditId}
         ,#{menuName}
         ,#{sortSeq}
         ,#{menuLevelVal}
         ,#{superMenuId}
         ,#{menuWebUrlAddr}
         ,#{groupmgmtPageYn}
         ,'Y'
         ,#{menuExposeYn}
         ,FORMAT(GETDATE(),'yyyyMMddHHmmss')
         ,#{registerId}
		)
	</insert>
	
	
	<select id="readOomTenantServicePortalMenu" parameterType="com.adtcaps.tsop.onm.api.domain.OomTenantServicePortalMenuDto" resultType="com.adtcaps.tsop.onm.api.menu.domain.TenantServicePortalMenuDetailResultDto">
		SELECT  A.menu_id
               ,A.tenant_id
               ,A.menu_name
               ,A.sort_seq
               ,A.menu_level_val
               ,A.super_menu_id
               ,A.menu_web_url_addr
               ,A.groupmgmt_page_yn
               ,A.use_yn
               ,A.menu_expose_yn
               ,A.regist_datetime
               ,B.user_name AS register_name
		  FROM (
		        SELECT  menu_id
                       ,tenant_id
                       ,audit_datetime
                       ,audit_id
                       ,menu_name
                       ,sort_seq
                       ,menu_level_val
                       ,super_menu_id
                       ,menu_web_url_addr
                       ,groupmgmt_page_yn
                       ,use_yn
                       ,menu_expose_yn
                       ,regist_datetime
                       ,register_id
                  FROM  OOM_TENANT_SERVICE_PORTAL_MENU WITH(NOLOCK)
                 WHERE  menu_id = #{menuId}
                   AND  tenant_id = #{tenantId}
		       ) A
		       LEFT OUTER JOIN
		       (
		        SELECT  user_id
		               ,user_name
		          FROM  OOM_USER WITH(NOLOCK)
		       ) B
		       ON (A.register_id = B.user_id)
	</select>
	
	<update id="updateOomTenantServicePortalMenu" parameterType="com.adtcaps.tsop.onm.api.domain.OomTenantServicePortalMenuDto">
	    UPDATE  OOM_TENANT_SERVICE_PORTAL_MENU
	       SET  audit_datetime = GETDATE()
	           ,audit_id = #{auditId}
	           ,menu_name = #{menuName}
	           ,sort_seq = #{sortSeq}
	           ,menu_level_val = #{menuLevelVal}
	           ,super_menu_id = #{superMenuId}
	           ,menu_web_url_addr = #{menuWebUrlAddr}
	           ,groupmgmt_page_yn = #{groupmgmtPageYn}
	           ,menu_expose_yn = #{menuExposeYn}
         WHERE  menu_id = #{menuId}
           AND  tenant_id = #{tenantId}
	</update>
	
	<delete id="deleteOomTenantServicePortalMenu" parameterType="com.adtcaps.tsop.onm.api.domain.OomTenantServicePortalMenuDto">
	    DELETE  
	      FROM  OOM_TENANT_SERVICE_PORTAL_MENU
         WHERE  menu_id = #{menuId}
           AND  tenant_id = #{tenantId}
	</delete>
	
	<select id="readTenantServicePortalChildMenuCount" parameterType="com.adtcaps.tsop.onm.api.domain.OomTenantServicePortalMenuDto" resultType="java.lang.Integer">
		SELECT  COUNT(*) AS child_menu_count
		  FROM  OOM_TENANT_SERVICE_PORTAL_MENU WITH(NOLOCK)
         WHERE  super_menu_id = #{menuId}
           AND  tenant_id = #{tenantId}
	</select>
	
	<select id="readTenantServicePortalMenuSameMenuNameCount" parameterType="com.adtcaps.tsop.onm.api.domain.OomTenantServicePortalMenuDto" resultType="java.lang.Integer">
		SELECT  COUNT(*) AS menu_count
		  FROM  OOM_TENANT_SERVICE_PORTAL_MENU WITH(NOLOCK)
         WHERE  tenant_id = #{tenantId}
           AND  menu_name = #{menuName}
           <if test='menuId != null'>
           <if test='!"".equals(menuId)'>
           AND  menu_id != #{menuId}
           </if>
           </if>
	</select>
	
</mapper>